"hfpxzc href","xxVWCe","qBF1Pd","MW4etd","UY7F9","W4Efsd","W4Efsd 2","doJOZc","W4Efsd 4","W4Efsd 5","W4Efsd 6","W4Efsd 7","UsdlK","FQ2IWe src","ah5Ghc"
"","","","","","","","","","","","","","",""
"","","","","","","","","","","","","","",""
"https://www.google.com/maps/place/Portal+Lyon/data=!4m7!3m6!1s0x9662cf6621f50795:0x3546bc9a8cd8ab35!8m2!3d-33.4217877!4d-70.6101152!16s%2Fg%2F1hf3zmh3r!19sChIJlQf1IWbPYpYRNavYjJq8RjU?authuser=0&hl=en&rclk=1","Portal Lyon · Visited link","Portal Lyon","4.2","(7,115)","Shopping mall","·","","Av. Providencia 2198","Shopping hub with eclectic stores & food","Closed","· Opens 10 AM","9 9589 5918","https://lh3.googleusercontent.com/gps-cs-s/AHRPTWmsAMhalcRDsi87cnYIf2C67VpBBB9YvcioI9chTqw-TTFpkO-aSEnU6hfhDUHmnpgS9yez8vkKUd5CZt4oMiMCfWkWacbRSBk3uSRBWGygrWVKFBiI4LdIIQACuCU0hu9foeatOA=w80-h106-k-no","On-site services"
"https://www.google.com/maps/place/Caracol+Los+Leones/data=!4m7!3m6!1s0x9662cf69aced526b:0x91d7931eb8147448!8m2!3d-33.4194716!4d-70.6066335!16s%2Fg%2F11bz0jkxkz!19sChIJa1LtrGnPYpYRSHQUuB6T15E?authuser=0&hl=en&rclk=1","Caracol Los Leones · Visited link","Caracol Los Leones","4.1","(300)","Shopping mall","·","","Nueva Los Leones 030, 050","","Closed","· Opens 9 AM","","https://lh3.googleusercontent.com/gps-cs-s/AHRPTWkb7uVbC_FUmSvlkhZhs6jEgTjhsq9XLeDHKhGxn2wJNUOAD9aeGN2uLO6XP74M3X-oD6oijvsR2tBGBHAEYJCAEmkbBvp-gbdke0DabQapVNve4mNcd1pCLVyIdHXDnDHGzFSQbA=w122-h92-k-no",""
"https://www.google.com/maps/place/Edificio+Dos+Caracoles/data=!4m7!3m6!1s0x9662cf6631ec3e91:0x39deafbbad4138ab!8m2!3d-33.4214141!4d-70.6096401!16s%2Fg%2F1tg9jry_!19sChIJkT7sMWbPYpYRqzhBrbuv3jk?authuser=0&hl=en&rclk=1","Edificio Dos Caracoles · Visited link","Edificio Dos Caracoles","4.5","(1,694)","Shopping mall","·","","Av. Providencia 2216","·","Closed","· Opens 11 AM","(2) 2232 7557","https://lh3.googleusercontent.com/gps-cs-s/AHRPTWkpmxV9oPapufb0BSzoLQC00SM0gK7p1KejRfQf63l847j8G08W9K0Pt5CHSbORi7y2JV6yOJIKoaDVXK_m1BtRSHouHX7aKJ8ISPZHkPDXoNAziXdwDB7cMEkaozQF7Py1NohdYQ=w80-h106-k-no","On-site services"
"https://www.google.com/maps/place/Dos+Providencias+Shopping+Center/data=!4m7!3m6!1s0x9662cf689790f50b:0x2b6570f385fc9e21!8m2!3d-33.4216894!4d-70.6089176!16s%2Fg%2F1w2y_n3m!19sChIJC_WQl2jPYpYRIZ78hfNwZSs?authuser=0&hl=en&rclk=1","Dos Providencias Shopping Center · Visited link","Dos Providencias Shopping Center","4.3","(1,036)","Shopping mall","·","","Av. Providencia 2237","·","Closed","· Opens 10 AM","(2) 2334 0645","https://lh3.googleusercontent.com/gps-cs-s/AHRPTWkigJuoB1knIR0nUqTI0HJzM-or7QTG5RSnmjbsyYmUp8KWtpoC8D3cJBmRTlJnZrU35t2czl6HOh6RJFaPCl16qo-FiRTjOxXy6-811PYoUUS3yPJtvmVVV81_OUzwWs7aPBfP=w147-h92-k-no",""
"https://www.google.com/maps/place/Paseo+Las+Palmas/data=!4m7!3m6!1s0x9662cf68af073121:0x16385d6fe0462045!8m2!3d-33.4219423!4d-70.6095521!16s%2Fg%2F1hjgnw2qs!19sChIJITEHr2jPYpYRRSBG4G9dOBY?authuser=0&hl=en&rclk=1","Paseo Las Palmas","Paseo Las Palmas","4.2","(3,466)","Shopping mall","·","","Av. Providencia 2208","Stores for games, DVDs & collectibles","Closed","· Opens 11 AM","9 9434 6685","https://lh3.googleusercontent.com/gps-cs-s/AHRPTWkJmIcQ3cNEpQstzJ4LELYUnPRG088Yku_uNVs_J2hh9WesRz2QCsZPIfxV5AM5jF_pK7Ar637AfUK2D4ObKZEiGbZDKfoJsPYkGWcdMPtjeX3kyW8aMZ-nC9b0DbMPAnGBYPFs=w122-h92-k-no",""
"https://www.google.com/maps/place/Koinu+Store/data=!4m7!3m6!1s0x9662cf6604a70d93:0x954aab48861851b4!8m2!3d-33.422517!4d-70.6102236!16s%2Fg%2F11r96fczt!19sChIJkw2nBGbPYpYRtFEYhkirSpU?authuser=0&hl=en&rclk=1","Koinu Store · Visited link","Koinu Store","4.1","(1,182)","Shopping mall","·","","Av. Providencia 2169, Loc 22, Nivel -1","·","Closed","· Opens 11 AM","9 7364 1325","https://lh3.googleusercontent.com/gps-cs-s/AHRPTWm-t_haN5ufcr4zFA_Ofm5-m1rxEn-SFrTvLYg3DrxV7F7rykDX6KEdr7Q9hmUdC9FMz51K75pCVnykFtEdx0BgDiYKEODINTYUKyYPC-Ni0OqDPnLYq-I6s_m85oz0_ICq_X-E=w122-h92-k-no","In-store shopping"
"https://www.google.com/maps/place/Gustomania+38A/data=!4m7!3m6!1s0x9662cfce5b784033:0xf5a8acb3567bea11!8m2!3d-33.421433!4d-70.6097119!16s%2Fg%2F11vztzfgff!19sChIJM0B4W87PYpYREep7VrOsqPU?authuser=0&hl=en&rclk=1","Gustomania 38A","Gustomania 38A","4.7","(13)","Av. Providencia 2216","","","","","","","","https://lh3.googleusercontent.com/gps-cs-s/AHRPTWlAVHdqaMt15qhjpKZGPqENKBDMrYDklkb5DIRnl3jj1Z6jmYfP-Sf1y0KqBM6fw0j1v2QI-DxCBnw5vTMtopZazNKmNTf7rMXpTmMKjqQM_j2TSVjJ5UKACAKdv6BlirfG007s3J2ilY6O=w80-h142-k-no",""
"https://www.google.com/maps/place/Galeria+Madrid/data=!4m7!3m6!1s0x9662cfe20624a14d:0xe17c3eda63979727!8m2!3d-33.4395461!4d-70.6083957!16s%2Fg%2F11f8k56fpg!19sChIJTaEkBuLPYpYRJ5eXY9o-fOE?authuser=0&hl=en&rclk=1","Galeria Madrid","Galeria Madrid","4.4","(411)","Shopping mall","·","","Av. Pedro de Valdivia 1783","","Closed","· Opens 9 AM","","https://lh3.googleusercontent.com/gps-cs-s/AHRPTWlvUsFIqRhN-wdpK3V5FwA3rirXUDWe7bqzhMzjZsE1PJjIfoIiIB5KbHYAKMWXyLflfX70SB-4MGVeVKtcyuOc9FGup1AEgAqF9aQft4TZXZpR5rDYmZcY88hGSdVa5Gml0vZf=w80-h106-k-no",""
"https://www.google.com/maps/place/Galer%C3%ADa+Zona+Franca/data=!4m7!3m6!1s0x9662cf68968fdce9:0xdcd9d620bf755bb8!8m2!3d-33.421524!4d-70.608664!16s%2Fg%2F1hjgjv5st!19sChIJ6dyPlmjPYpYRuFt1vyDW2dw?authuser=0&hl=en&rclk=1","Galería Zona Franca · Visited link","Galería Zona Franca","4.2","(611)","Shopping mall","·","","Av. Providencia 2251","·","Closed","· Opens 10:30 AM","(2) 2334 3067","https://lh3.googleusercontent.com/gps-cs-s/AHRPTWkbPdn1glZwl9GGQh86kdtC1_d7uPoKYSVoxEGT7YRc6pWGF9N7-00koAHvvDvfV6IrFi1Bo7xWBydgQnp815AiBxELkdxEyJXkFRXP6uktJMWFrxg5cHIV8PCk0olmfly79Mdw=w122-h92-k-no",""
"https://www.google.com/maps/place/Galer%C3%ADa+Puerta+del+Sol/data=!4m7!3m6!1s0x9662cf5d44147841:0x5596de0f8ec1c77d!8m2!3d-33.4284203!4d-70.6197714!16s%2Fg%2F11gwm9h4gg!19sChIJQXgURF3PYpYRfcfBjg_ellU?authuser=0&hl=en&rclk=1","Galería Puerta del Sol","Galería Puerta del Sol","4.5","(15)","Shopping mall","·","","Av. Providencia 1336","","Open 24 hours","","","https://lh3.googleusercontent.com/gps-cs-s/AHRPTWlaDLw3Hhqg0CSTmpdYeTBNl1yMj0oA2gkpuE287fnWm6KyU3-IIlJxkeZ0Yg0BXaWjZshgE2jqyQ1cxFdt-JRSIqD_8A5LCP6hH0pa-8EjX3Cu0wtLXkhyaEUETHYdW4dmle4=w122-h92-k-no",""
"https://www.google.com/maps/place/Galer%C3%ADa+Los+P%C3%A1jaros/data=!4m7!3m6!1s0x9662cf473a96d47d:0x477b4370ac8f3c83!8m2!3d-33.4202259!4d-70.6073534!16s%2Fg%2F1tmpx5d4!19sChIJfdSWOkfPYpYRgzyPrHBDe0c?authuser=0&hl=en&rclk=1","Galería Los Pájaros","Galería Los Pájaros","4.3","(324)","Shopping mall","·","","Av. Providencia 2348","·","Closed","· Opens 10 AM","(2) 2234 0714","https://lh3.googleusercontent.com/gps-cs-s/AHRPTWk4sC04RnCJ_6hVDn7PmLXOltUDPCAk2GhlIbBRCYlo4DTJ49tvYs3BPcOeDqA9lOy-KmBSwjiyGvny47wkuVoY4qevGOpTHbg7_v8JQQkdfBdBO7c9iyXkZONGRZy_kynWdhAT=w163-h92-k-no",""
"https://www.google.com/maps/place/Centro+Comercial+Madrid/data=!4m7!3m6!1s0x9662cf9d79881e11:0x9e661299313ff281!8m2!3d-33.438794!4d-70.6080379!16s%2Fg%2F1td2_nv6!19sChIJER6IeZ3PYpYRgfI_MZkSZp4?authuser=0&hl=en&rclk=1","Centro Comercial Madrid","Centro Comercial Madrid","4.3","(1,020)","Shopping mall","·","","Centro Comercial Madrid - Av. Pedro de Valdivia 1783","·","Closed","· Opens 9 AM","(2) 2225 8268","https://lh3.googleusercontent.com/gps-cs-s/AHRPTWm1-g4TrmPypU7sC3Pb0gFEpfpvPQVKhIR1pneh5eqgtVPbSRwTNNst9YYr-NrMHFPgfFThCBD1_qT-QAhDh5tAbRW3XjxfoomAecwBedic2n-7Y9hrOyE08iDijQPjJX7CBmwS0Q=w122-h92-k-no","In-store shopping"
"https://www.google.com/maps/place/Galer%C3%ADa+Plaza+Lyon/data=!4m7!3m6!1s0x9662cf6f3348dac3:0xaeb5af09f0b9554e!8m2!3d-33.4229053!4d-70.6076664!16s%2Fg%2F1hjgs2pzl!19sChIJw9pIM2_PYpYRTlW58Amvta4?authuser=0&hl=en&rclk=1","Galería Plaza Lyon · Visited link","Galería Plaza Lyon","4.0","(97)","Shopping mall","·","","Las Bellotas 269","","Closed","· Opens 10 AM","","https://lh3.googleusercontent.com/gps-cs-s/AHRPTWl_kdTBd8XwElBKg2jDU9KJyJ5vNcXo05EAJ2rR2ouRfZDx0LBVgECIVGTAYA5xeJfvh5NGQgxI8mqQYMyiNB9K6oSuAZdz_KbCpSDWHLXrSeXAsrBaO6yFSpaKuQO4xv7xHVCq=w136-h92-k-no",""
"","","","","","","","","","","","","","",""