"hfpxzc href","xxVWCe","MW4etd","UY7F9","AJB7ye","AJB7ye 2","W4Efsd","W4Efsd 2","W4Efsd 3","W4Efsd 4","W4Efsd 5","FQ2IWe src","ah5Ghc","A1zNzb href 2","J8zHNe 2","bbPy1 2","M4A5Cf","ah5Ghc 2","M4A5Cf 2","ah5Ghc 3","doJOZc","W4Efsd 6"
"","","","","","","","","","","","","","","","","","","","","",""
"","","","","","","","","","","","","","","","","","","","","",""
"https://www.google.com/maps/place/El+Gaucho+y+La+Nonna/data=!4m7!3m6!1s0x9662c50062902bf5:0x79be7b5dbba32efc!8m2!3d-33.4325915!4d-70.6346656!16s%2Fg%2F11yw9xdblf!19sChIJ9SuQYgDFYpYR_C6ju117vnk?authuser=0&hl=en&rclk=1","El Gaucho y La Nonna","4.4","(484)","·","$15,000–45,000","Carvery","·","Constitución 151","Open","· Closes 11 PM","https://lh3.googleusercontent.com/gps-cs-s/AHRPTWnTYsiQtQnehi34jIChUspDaNMh-r0dFvdcA7KHVxmuUNf7NGPzANY3dz2liOKiBaSimUgmr0w-Ca8zPfe_9KiIAlojZT0TLEMjBx9mo-vdSGRW6f5aRD-JA-ar8q7y7X7_F-nz37oMki0=w80-h106-k-no","Dine-in","https://www.google.com/searchviewer/42?cvd=CLw_EicKJeICIjIgEhkiF9LX29IPEQoNL2cvMTF5dzl4ZGJsZhgBOgMI8A0%3D&g2lbs=AEzIGDu5Hue7ZQCoB1Vls-ngc8bp79sJrXOheJm5IaA_hh-jhVI1vtx1e56vl0LsdT7q1Go4o6K2&hl=en-CL&gl=cl&fo_m=MfohQo559jFvMUOzJVpjPL1YMfZ3bInYwBDuMfaXTPp5KXh-&utm_source=tactile&gei=IrCAateTO4-H5OUP6qaMqQg&ei=IrCAateTO4-H5OUP6qaMqQg&fo_s=OA&opi=79508299&orderType=1&ebb=1&cs=0&foub=mcpp","Order online","","","","","","",""
"https://www.google.com/maps/place/Fagotto+Suecia/data=!4m7!3m6!1s0x9662cf64c277dd9f:0xaa1202beaa089fd!8m2!3d-33.420663!4d-70.6075417!16s%2Fg%2F11wbnvzv_n!19sChIJn913wmTPYpYR_Ymg6isgoQo?authuser=0&hl=en&rclk=1","Fagotto Suecia","4.2","(109)","·","$5,000–10,000","Italian","·","Av. Providencia 2319","Open","· Closes 8:30 PM","https://lh3.googleusercontent.com/gps-cs-s/AHRPTWmrpGphstHHbcA6n_qvlwtWTuLAyCHUP9RPSgRx7aChwe6eEHMVzGtOR43DNtcF_1SWGEzfygqEFaXBHechkJXaOyhjn477pkbPB_GfPcNZRxYcCqjeWFpueQukPlrgQ9UEYH3vxlGVLBUE=w115-h92-k-no","Dine-in","https://www.google.com/searchviewer/42?cvd=CLw_EicKJeICIjIgEhkiF9LX29IPEQoNL2cvMTF3Ym52enZfbhgAOgMI8A0%3D&g2lbs=AEzIGDvvbMQrRvcI0TCYiPqun_NX6a4BW8_dZLZTthoqbPcviR9QkVSd9WdrHBh3S9G55pcGwL57&hl=en-CL&gl=cl&fo_m=MfohQo559jFvMUOzJVpjPL1YMfZ3bInYwBDuMfaXTPp5KXh-&utm_source=tactile&gei=IrCAateTO4-H5OUP6qaMqQg&ei=IrCAateTO4-H5OUP6qaMqQg&fo_s=OA&opi=79508299&ebb=1&cs=0&foub=mcpp","Order online","","·","Kerbside pickup","·","Delivery","",""
"https://www.google.com/maps/place/Papel%C3%B3n+Sabroso/data=!4m7!3m6!1s0x9662cf6483b2a03b:0xe2687b20d03f3b7f!8m2!3d-33.4271201!4d-70.6155139!16s%2Fg%2F11c1m_dxch!19sChIJO6Cyg2TPYpYRfzs_0CB7aOI?authuser=0&hl=en&rclk=1","Papelón Sabroso","4.4","(3,062)","·","$5,000–25,000","Restaurant","·","·","Open","· Closes 9 PM","https://lh3.googleusercontent.com/gps-cs-s/AHRPTWnrYGjSCzzfJgwmdka7E-SHBJhCjBXcjXtQETVcTt3O-YczeyXdpB0fiL-0ahktow3-dU9N9jtokUeWRTICc7ElCdyxeIhQGbNyOo1M2ajF5M4tmR-fTIvhtCfT3u_xEOkFLxibmA=w163-h92-k-no","Dine-in","https://www.google.com/searchviewer/42?cvd=CLw_EicKJeICIjIgEhkiF9LX29IPEQoNL2cvMTFjMW1fZHhjaBgAOgMI8A0%3D&g2lbs=AEzIGDtj6TdwSJilt0BCW_5oua_EuEf6Rglabco_MJucemCrIEILti2V3kmzvO606K3-FaJeQ4uH&hl=en-CL&gl=cl&fo_m=MfohQo559jFvMUOzJVpjPL1YMfZ3bInYwBDuMfaXTPp5KXh-&utm_source=tactile&gei=IrCAateTO4-H5OUP6qaMqQg&ei=IrCAateTO4-H5OUP6qaMqQg&fo_s=OA&opi=79508299&ebb=1&cs=0&foub=mcpp","Order online","","·","Kerbside pickup","·","No-contact delivery","","Dentro de la plaza, del lado de - Av. Providencia 1669"
"https://www.google.com/maps/place/La+Sucursal+del+Cielo/data=!4m7!3m6!1s0x96623f3e6db38da3:0xe92bc80fa35a6455!8m2!3d-33.4436715!4d-70.6232297!16s%2Fg%2F11l_h6vrgf!19sChIJo42zbT4_YpYRVWRaow_IK-k?authuser=0&hl=en&rclk=1","La Sucursal del Cielo","4.7","(56)","·","$10,000–15,000","Fast Food","·","·","Open","· Closes 9 PM","https://lh3.googleusercontent.com/gps-cs-s/AHRPTWk09FeLSLOYTYI_0qSyTX6Op364YCfxAKuViF9hUHwHNiiL0kOGpblSNIVGdOfnNmUBzzf9yohAbanT_qCFoLi4NmGnvBv3BVJvhwjFhms93mjUN-_mRC0PjTl9SPTzZ92yDUdAvw=w80-h106-k-no","Dine-in","https://www.google.com/searchviewer/42?cvd=CLw_EicKJeICIjIgEhkiF9LX29IPEQoNL2cvMTFsX2g2dnJnZhgAOgMI8A0%3D&g2lbs=AEzIGDvClLD-aZbqsK0vsFu9bzWVmmQNGebqsSTN4H-E-snxwQaj9pgUOsxIdw_vOVZgTn1s9RlM&hl=en-CL&gl=cl&fo_m=MfohQo559jFvMUOzJVpjPL1YMfZ3bInYwBDuMfaXTPp5KXh-&utm_source=tactile&gei=IrCAateTO4-H5OUP6qaMqQg&ei=IrCAateTO4-H5OUP6qaMqQg&fo_s=OA&opi=79508299&ebb=1&cs=0&foub=mcpp","Order online","","·","Takeaway","·","Delivery","","Av. Salvador 1130"
"https://www.google.com/maps/place/Comida+al+paso+el+paisa+perguano/data=!4m7!3m6!1s0x9662cf2ce75cc185:0x7aacf003da798838!8m2!3d-33.4395982!4d-70.6205509!16s%2Fg%2F11krfvm_34!19sChIJhcFc5yzPYpYROIh52gPwrHo?authuser=0&hl=en&rclk=1","Comida al paso el paisa perguano","4.6","(9)","·","$5,000–10,000","Peruvian","·","·","Open","· Closes 9 PM","https://lh3.googleusercontent.com/gps-cs-s/AHRPTWl5dmPiiXjoaS2w9empB8H6PS0s02pO-aVDQxDk94hZaHzqUweX1nNU50dtXn0EneWX8RlNZ6ALhTfjK6r0UYPNJ4kOpFQjL-LgqtAH4Yk5nxmPXw9n7uz_w1c-ca5zBb9y0Wa0Rw=w122-h92-k-no","Dine-in","","","","·","Kerbside pickup","·","No-contact delivery","","Diag. Rancagua 950"
"https://www.google.com/maps/place/Bertazzo+Trattoria/data=!4m7!3m6!1s0x9662c50068aaf8fb:0x819f7672d9d163f5!8m2!3d-33.4459438!4d-70.6274188!16s%2Fg%2F11vxswfqfx!19sChIJ-_iqaADFYpYR9WPR2XJ2n4E?authuser=0&hl=en&rclk=1","Bertazzo Trattoria","4.9","(1,459)","·","$10,000–15,000","Argentinian","·","Emilio Vaisse 402","Open","· Closes 9 PM","https://lh3.googleusercontent.com/gps-cs-s/AHRPTWkwFRtn2B_sfY6Dqmz8Yh7HlC8gMHTAk_9gjyyfkyjuWKvtvdVPYlCd5XtP9dWzLa5dDGFnVx35bA2ZA7von_-F_JlXt29podJfRWsKdiyzh7imAbfw_whR3Z_Q_FBJdrrIiLw1PfISkTf-=w122-h92-k-no","Dine-in","https://www.google.com/searchviewer/42?cvd=CLw_EicKJeICIjIgEhkiF9LX29IPEQoNL2cvMTF2eHN3ZnFmeBgAOgMI8A0%3D&g2lbs=AEzIGDv9DhWjNf76txDsV4yI1zLJS8Re8bT2PInzTRRrnkSjB5FtUln7SioEO28ywINVh0umw8W2&hl=en-CL&gl=cl&fo_m=MfohQo559jFvMUOzJVpjPL1YMfZ3bInYwBDuMfaXTPp5KXh-&utm_source=tactile&gei=IrCAateTO4-H5OUP6qaMqQg&ei=IrCAateTO4-H5OUP6qaMqQg&fo_s=OA&opi=79508299&ebb=1&cs=0&foub=mcpp","Order online","","·","Kerbside pickup","·","No-contact delivery","",""
"https://www.google.com/maps/place/Caleta+e+Pollo/data=!4m7!3m6!1s0x9662cf006599c777:0x44fad6616304b363!8m2!3d-33.4279362!4d-70.6195025!16s%2Fg%2F11y5_tq2cz!19sChIJd8eZZQDPYpYRY7MEY2HW-kQ?authuser=0&hl=en&rclk=1","Caleta e Pollo","4.6","(47)","·","$5,000–10,000","Restaurant","·","Almte. Pastene 39","Open","· Closes 5 PM","https://lh3.googleusercontent.com/gps-cs-s/AHRPTWnN9kznWf8qQNqhPJkP6ejYFtvixtL4scOlXNSOHfozBv_XrYkk7GEkxsvqZKewgfUtm1zpnZlIjJx6od2hDwHviSlwFv4XaSw3P6kND3ueEPKtMlVFMSJ-_Kl4mKUzkvVoK9w=w204-h92-k-no","Dine-in","","","","·","Takeaway","","","",""
"https://www.google.com/maps/place/Pastas+Nenetta+Chile/data=!4m7!3m6!1s0x9662cfb054e7188b:0xb56de4982dac6123!8m2!3d-33.4216944!4d-70.6053829!16s%2Fg%2F11g2ttp_bm!19sChIJixjnVLDPYpYRI2GsLZjkbbU?authuser=0&hl=en&rclk=1","Pastas Nenetta Chile","4.6","(1,698)","·","$10,000–15,000","Restaurant","·","·","Open","· Closes 9 PM","https://lh3.googleusercontent.com/gps-cs-s/AHRPTWlpNEJfv0Y8yrTuDDU6vdkyLJnxDCsEiMcKzblff3fuD38ZvKFetO5_JKIIod7o2PlcUc7M8L0E7nati-TtSl_UX-EEFbhq8-7lNyuiU8xpL77alhRw5tqGn4rh9Zz04U7to884og=w138-h92-k-no","Dine-in","https://www.google.com/searchviewer/42?cvd=CLw_EicKJeICIjIgEhkiF9LX29IPEQoNL2cvMTFnMnR0cF9ibRgAOgMI8A0%3D&g2lbs=AEzIGDtuz1qfj_MXtjqJjlzr1w7UcC5Vn_1Ijb4XX1sIVzTgefOmTiol4PcaA9WCpX4raVtnlCCl&hl=en-CL&gl=cl&fo_m=MfohQo559jFvMUOzJVpjPL1YMfZ3bInYwBDuMfaXTPp5KXh-&utm_source=tactile&gei=IrCAateTO4-H5OUP6qaMqQg&ei=IrCAateTO4-H5OUP6qaMqQg&fo_s=OA&opi=79508299&ebb=1&cs=0&foub=mcpp","Order online","","·","Takeaway","·","No-contact delivery","","Av. Los Leones 185"
"https://www.google.com/maps/place/Hambrientos+%26+Sedientos+Providencia/data=!4m7!3m6!1s0x9662c54e18342111:0x42730626ff48fd4e!8m2!3d-33.4419519!4d-70.6327034!16s%2Fg%2F11m9zcrvgy!19sChIJESE0GE7FYpYRTv1I_yYGc0I?authuser=0&hl=en&rclk=1","Hambrientos & Sedientos Providencia","4.9","(951)","·","$10,000–15,000","Gastropub","·","Tomás Andrews 67","Open","· Closes 2:30 AM","https://lh3.googleusercontent.com/gps-cs-s/AHRPTWnyCBTrgq0CN_wU5PVo20e2eUCPcZEoOXB9-rf3FQA1o3Ri3cSOKyOxQCj41w0-yhOzROFJeT7J54Q2KRZjjkGz7YppTRP3hvU1StafkZWL6xpO6kwCG2jofyGjqQYSr-iuEIo-=w80-h106-k-no","Dine-in","https://www.google.com/searchviewer/42?cvd=CLw_EicKJeICIjIgEhkiF9LX29IPEQoNL2cvMTFtOXpjcnZneRgAOgMI8A0%3D&g2lbs=AEzIGDsB6vC4r068LwDmDuLLXrWYcTVrbyqff4EDaUjxTq_tBLo7Ki8vJClvF7r_xPgSdBR_fuRL&hl=en-CL&gl=cl&fo_m=MfohQo559jFvMUOzJVpjPL1YMfZ3bInYwBDuMfaXTPp5KXh-&utm_source=tactile&gei=IrCAateTO4-H5OUP6qaMqQg&ei=IrCAateTO4-H5OUP6qaMqQg&fo_s=OA&opi=79508299&ebb=1&cs=0&foub=mcpp","Order online","","·","Drive-through","·","No-contact delivery","",""
"https://www.google.com/maps/place/Mercatino+Providencia/data=!4m7!3m6!1s0x9662cf545659378b:0x4782947c2df51035!8m2!3d-33.4222216!4d-70.6144085!16s%2Fg%2F11vr99d0pd!19sChIJizdZVlTPYpYRNRD1LXyUgkc?authuser=0&hl=en&rclk=1","Mercatino Providencia","4.8","(216)","·","$5,000–10,000","Pizza","·","·","Open","· Closes 10 PM","https://lh3.googleusercontent.com/gps-cs-s/AHRPTWnI90_ZfpXahME_xts_oiWHuGY3ffbNi-lmY67Wsk59HjzCzTrkCJRyeuixnndnwpdugs9ffscV1Hg9maXRlvhTyfYxZv7bCwQqL2K1QMZtrppLeRFuYMyO_jczSCXCWvKaE3ol8mwjTOIa=w80-h106-k-no","Dine-in","https://www.google.com/searchviewer/42?cvd=CLw_EicKJeICIjIgEhkiF9LX29IPEQoNL2cvMTF2cjk5ZDBwZBgAOgMI8A0%3D&g2lbs=AEzIGDuQrKmsGb9AnIULDywgzloOAHkBoXnNxhj3kKFBWbzelq3DQlLXPtstfSDRSY3Zl-573pr8&hl=en-CL&gl=cl&fo_m=MfohQo559jFvMUOzJVpjPL1YMfZ3bInYwBDuMfaXTPp5KXh-&utm_source=tactile&gei=IrCAateTO4-H5OUP6qaMqQg&ei=IrCAateTO4-H5OUP6qaMqQg&fo_s=OA&opi=79508299&ebb=1&cs=0&foub=mcpp","Order online","","·","Kerbside pickup","·","Delivery","","Francisco Noguera 217"
"https://www.google.com/maps/place/Comida+R%C3%A1pida+Sin+Fronteras/data=!4m7!3m6!1s0x9662c5006f7c1657:0xb8eed8cb255d63a5!8m2!3d-33.4330259!4d-70.6349253!16s%2Fg%2F11wv58v109!19sChIJVxZ8bwDFYpYRpWNdJcvY7rg?authuser=0&hl=en&rclk=1","Comida Rápida Sin Fronteras","4.8","(17)","·","$5,000–10,000","Fast Food","·","Constitución 110, Loc 108","Open","· Closes 10 PM","https://lh3.googleusercontent.com/gps-cs-s/AHRPTWlPb5wncOP_X3LX2mY9tLzgAI1tynQeQlP1vwoZlPAN1PN7iCg3Hzt33O2ChU7bP5zhW06LUGRYuVQT2iCH5yxHa-cpRHfv2cRsFbAJHVt8GnyE6ats3_FuCSHdfVKAdEO13hHCsl9iLinH=w80-h177-k-no","Dine-in","https://www.google.com/searchviewer/42?cvd=CLw_EicKJeICIjIgEhkiF9LX29IPEQoNL2cvMTF3djU4djEwORgBOgMI8A0%3D&g2lbs=AEzIGDuROeDPsMOqZ8lvYm3eaFUzyO2t_9bF8N8ld9iFX3EYSJabOIQHcXge46HgyHjNrOz1QSe1&hl=en-CL&gl=cl&fo_m=MfohQo559jFvMUOzJVpjPL1YMfZ3bInYwBDuMfaXTPp5KXh-&utm_source=tactile&gei=IrCAateTO4-H5OUP6qaMqQg&ei=IrCAateTO4-H5OUP6qaMqQg&fo_s=OA&opi=79508299&orderType=1&ebb=1&cs=0&foub=mcpp","Order online","","·","Kerbside pickup","","","",""
"https://www.google.com/maps/place/El+Fog%C3%B3n+de+Momo/data=!4m7!3m6!1s0x9662c57f56de349d:0x5e8c8b0f271ebdc6!8m2!3d-33.4423407!4d-70.6270619!16s%2Fg%2F11csr208y7!19sChIJnTTeVn_FYpYRxr0eJw-LjF4?authuser=0&hl=en&rclk=1","El Fogón de Momo","4.7","(3,439)","·","$20,000–45,000","Restaurant","·","·","Open","· Closes 11 PM","https://lh3.googleusercontent.com/gps-cs-s/AHRPTWl961Jlx2OWUEfBodDY5frU3YymhYGpBwiSf4kiqAk4BMfQUrPJB2_WQPaDP-kAVlG_Kq5XBPP8mqUc3WQ-r3i7Cw1BRHp_yLnu5kr-64TUdAK7P0IHOc2wukQgvtdnqpmk5QuBjSB17l0=w80-h106-k-no","Dine-in","https://www.google.com/searchviewer/42?cvd=CLw_EicKJeICIjIgEhkiF9LX29IPEQoNL2cvMTFjc3IyMDh5NxgAOgMI8A0%3D&g2lbs=AEzIGDuP0rHC4Wy8FBF4SI4ykZ2-bbQ6N8Cke1oOvZm68ClalJMLSei1Ftlrfakkk1vYExwkW84q&hl=en-CL&gl=cl&fo_m=MfohQo559jFvMUOzJVpjPL1YMfZ3bInYwBDuMfaXTPp5KXh-&utm_source=tactile&gei=IrCAateTO4-H5OUP6qaMqQg&ei=IrCAateTO4-H5OUP6qaMqQg&fo_s=OA&opi=79508299&ebb=1&cs=0&foub=mcpp","Order online","","·","Takeaway","·","No-contact delivery","","Condell 806"
"https://www.google.com/maps/place/La+cocina+del+doc+arlet/data=!4m7!3m6!1s0x9662c51283b7e26f:0xd4e8de3874b05d5f!8m2!3d-33.4402458!4d-70.6252783!16s%2Fg%2F11n4wv_7rm!19sChIJb-K3gxLFYpYRX12wdDje6NQ?authuser=0&hl=en&rclk=1","La cocina del doc arlet","4.9","(14)","·","$5,000–10,000","Restaurant","·","·","Open","· Closes 10 PM","https://lh3.googleusercontent.com/gps-cs-s/AHRPTWnlltzg2J2ngrI_PwLvhtyQWyFV9KOjphvuQnMX24dq5mXwoF78ulSe9-bXhU_SCxeLPXMDfBmnYD-N3bLZJcvF2xg5nushN5tq18pExD5ecfw4lo0K9uV665gvLra7ZE3qeMRBLUb4M8Ip=w92-h92-k-no","Dine-in","https://www.google.com/searchviewer/42?cvd=CLw_EicKJeICIjIgEhkiF9LX29IPEQoNL2cvMTFuNHd2XzdybRgAOgMI8A0%3D&g2lbs=AEzIGDukxAZ9B4nUJZSh9SmFfYeCCs6M-aqjXwvE35LC_FWJfGvBe4e_qClWzE4DpdEpsG2ZinZa&hl=en-CL&gl=cl&fo_m=MfohQo559jFvMUOzJVpjPL1YMfZ3bInYwBDuMfaXTPp5KXh-&utm_source=tactile&gei=IrCAateTO4-H5OUP6qaMqQg&ei=IrCAateTO4-H5OUP6qaMqQg&fo_s=OA&opi=79508299&ebb=1&cs=0&foub=mcpp","Order online","","","","","","","Dr. Torres Boonen 548"
"https://www.google.com/maps/place/La+Tegualda+Sangucher%C3%ADa/data=!4m7!3m6!1s0x9662c57d9e91a069:0x972506f5f57b5221!8m2!3d-33.4307126!4d-70.6226772!16s%2Fg%2F11clvp_svk!19sChIJaaCRnn3FYpYRIVJ79fUGJZc?authuser=0&hl=en&rclk=1","La Tegualda Sanguchería","4.5","(791)","·","$10,000–15,000","Restaurant","·","Román Díaz 17","Open","· Closes 10 PM","https://lh3.googleusercontent.com/gps-cs-s/AHRPTWnaUvSusiLXcUR8VSDeBpgbQV3xgjfTk64eraq97UM-PhIOWd1gLjiQluuDVsxKUDVGvcCHhJjAA2peSmnkC2Zqt9aX2PL-0v8y27IN2CDip7LGfOX3UbmhHuq48L9usUemHNnk=w122-h92-k-no","Dine-in","https://www.google.com/searchviewer/42?cvd=CLw_EicKJeICIjIgEhkiF9LX29IPEQoNL2cvMTFjbHZwX3N2axgAOgMI8A0%3D&g2lbs=AEzIGDvDlrrnY5t2GUonU5O7MNonJnSlpRwakLh_OwnaP7eJPm4LhmlG7yh16HgazyQYcBVDolq5&hl=en-CL&gl=cl&fo_m=MfohQo559jFvMUOzJVpjPL1YMfZ3bInYwBDuMfaXTPp5KXh-&utm_source=tactile&gei=IrCAateTO4-H5OUP6qaMqQg&ei=IrCAateTO4-H5OUP6qaMqQg&fo_s=OA&opi=79508299&ebb=1&cs=0&foub=mcpp","Order online","","·","Kerbside pickup","·","No-contact delivery","",""
"https://www.google.com/maps/place/Cometesta+restaurant/data=!4m7!3m6!1s0x9662c556119ec8cb:0xc3488461b41850a!8m2!3d-33.43414!4d-70.62496!16s%2Fg%2F11vkjbk7sl!19sChIJy8ieEVbFYpYRCoVBG0aINAw?authuser=0&hl=en&rclk=1","Cometesta restaurant","4.3","(152)","·","$5,000–10,000","Restaurant","·","Gral. Bari 130","Open","· Closes 5 PM","https://lh3.googleusercontent.com/gps-cs-s/AHRPTWkUE-nM-szuAN7ChG43mfefyfgW4F0udzBX3q8MiSpcdmVPm3V5VkLVr-yIXsfEiP8i6DiAdZ6KK7Qin61adCX8YXgBFtj_fMifxx_Rp4YzvNkXhdwznzcmGdCfjXtCNbpf6j89=w80-h120-k-no","Dine-in","https://www.google.com/searchviewer/42?cvd=CLw_EicKJeICIjIgEhkiF9LX29IPEQoNL2cvMTF2a2piazdzbBgBOgMI8A0%3D&g2lbs=AEzIGDt8cyhMWHv-WuhQGiM-7N2CO1xQJnFcQioRJCMt9QWKad2bS8ehdX3q5R8A6oyZ033JIlYq&hl=en-CL&gl=cl&fo_m=MfohQo559jFvMUOzJVpjPL1YMfZ3bInYwBDuMfaXTPp5KXh-&utm_source=tactile&gei=IrCAateTO4-H5OUP6qaMqQg&ei=IrCAateTO4-H5OUP6qaMqQg&fo_s=OA&opi=79508299&orderType=1&ebb=1&cs=0&foub=mcpp","Order online","","·","Takeaway","","","",""
"https://www.google.com/maps/place/Fagotto+Manuel+Montt/data=!4m7!3m6!1s0x9662cfa84475a83d:0x7dbd16de689e22a!8m2!3d-33.4290779!4d-70.6192313!16s%2Fg%2F11ltny8rp5!19sChIJPah1RKjPYpYRKuKJ5m3R2wc?authuser=0&hl=en&rclk=1","Fagotto Manuel Montt","3.8","(73)","·","$5,000–10,000","Restaurant","·","Dr. Manuel Barros Borgoño 028","Open","· Closes 6 PM","https://lh3.googleusercontent.com/gps-proxy/ALd4DhHnFaRBss95MXIG9wflFxBTEmexY0bP4J-XyiKn_fPj4yAlH0_ojCU-ze5-XUN-yhK8BsQmEPXAppD-BOoP3ug92IRZxsKXk8oU6wrUfw1pW0RxKVwYyCtlNMRIydULc1TMyW89ZO_aafTApfhvQQq9SohDEzL9Obrvi2YVXEUCDjRWu4-NWBBrvA=w92-h92-k-no","Dine-in","https://www.google.com/searchviewer/42?cvd=CLw_EicKJeICIjIgEhkiF9LX29IPEQoNL2cvMTFsdG55OHJwNRgBOgMI8A0%3D&g2lbs=AEzIGDvp1ouvZhTYbP22fZc74AngwqOSeJ84lxSS31sS4D4oz7MYOS-i1CfdsrC4E22vOGaU5mBi&hl=en-CL&gl=cl&fo_m=MfohQo559jFvMUOzJVpjPL1YMfZ3bInYwBDuMfaXTPp5KXh-&utm_source=tactile&gei=IrCAateTO4-H5OUP6qaMqQg&ei=IrCAateTO4-H5OUP6qaMqQg&fo_s=OA&opi=79508299&orderType=1&ebb=1&cs=0&foub=mcpp","Order online","","·","Takeaway","·","Delivery","",""
"https://www.google.com/maps/place/Arabito+Deluxe+-+Shawarmas+-+Comida+Arabe+-+Providencia/data=!4m7!3m6!1s0x9662cfba2bf0c559:0x7ace577283dabda1!8m2!3d-33.4435991!4d-70.6202155!16s%2Fg%2F11swynt5k6!19sChIJWcXwK7rPYpYRob3ag3JXzno?authuser=0&hl=en&rclk=1","Arabito Deluxe - Shawarmas - Comida Arabe - Providencia","4.9","(466)","·","$10,000–15,000","Restaurant","·","·","Open","· Closes 10:30 PM","https://lh3.googleusercontent.com/gps-cs-s/AHRPTWkAqw90UgkRv65KaUWPXc3swpyq0_ToWodUA0bvbkQnd5XuEinskZmsVzGLUZSWHqzqhwTi1JpTVpulvVxB-tXhjC_zmrfEXW5D3Ks3SnZspHNPdYkcGDA7GGz_ajZNA25jmlXB=w92-h92-k-no","Dine-in","https://www.google.com/searchviewer/42?cvd=CLw_EicKJeICIjIgEhkiF9LX29IPEQoNL2cvMTFzd3ludDVrNhgAOgMI8A0%3D&g2lbs=AEzIGDtEsbjmc9H3AvryGZ0hacPWxDZ35ksYohytvmZlbnBudqeqw_btxaGHvx2F6GVVT8eJ_4uR&hl=en-CL&gl=cl&fo_m=MfohQo559jFvMUOzJVpjPL1YMfZ3bInYwBDuMfaXTPp5KXh-&utm_source=tactile&gei=IrCAateTO4-H5OUP6qaMqQg&ei=IrCAateTO4-H5OUP6qaMqQg&fo_s=OA&opi=79508299&ebb=1&cs=0&foub=mcpp","Order online","","·","Takeaway","·","No-contact delivery","","José Manuel Infante 1373"
"https://www.google.com/maps/place/Ay+Mi+Madre+Restobar+Providencia/data=!4m7!3m6!1s0x9662cf31549a0e2f:0xe91ba3c5bee359c3!8m2!3d-33.426514!4d-70.6200915!16s%2Fg%2F11n08wt6lj!19sChIJLw6aVDHPYpYRw1njvsWjG-k?authuser=0&hl=en&rclk=1","Ay Mi Madre Restobar Providencia","4.4","(558)","·","$10,000–30,000","Gastropub","·","·","Closed","· Opens 6 PM","https://lh3.googleusercontent.com/gps-cs-s/AHRPTWkdKjCKLnJBLZZBDucr8bArsG_745QH4Yl3NoVVWjEM6cFSjW6QdgM3-nSm93AtiHIwRv3S7VJkqjq8ix0sqYi45Veofi3yLlabOntVMy1h7Z8-vHmFpaGKB9T2OC0We4HfqDNBog=w80-h142-k-no","Dine-in","https://www.google.com/searchviewer/42?cvd=CLw_EicKJeICIjIgEhkiF9LX29IPEQoNL2cvMTFuMDh3dDZsahgAOgMI8A0%3D&g2lbs=AEzIGDu3gO0wO_8gLSRS39ndcsGWNNz9mCofTa1CfU0nTayVeyflsGeG9_U2Lt5zEhY-2Zsw49Ih&hl=en-CL&gl=cl&fo_m=MfohQo559jFvMUOzJVpjPL1YMfZ3bInYwBDuMfaXTPp5KXh-&utm_source=tactile&gei=IrCAateTO4-H5OUP6qaMqQg&ei=IrCAateTO4-H5OUP6qaMqQg&fo_s=OA&opi=79508299&ebb=1&cs=0&foub=mcpp","Order online","","·","Kerbside pickup","·","No-contact delivery","","Gral Flores 218"
"https://www.google.com/maps/place/Alena+Fuente+De+Soda/data=!4m7!3m6!1s0x9662cf697f71bc0d:0x17b764d0dfb434b6!8m2!3d-33.4195343!4d-70.6039462!16s%2Fg%2F11bw4qtvkz!19sChIJDbxxf2nPYpYRtjS039Bktxc?authuser=0&hl=en&rclk=1","Alena Fuente De Soda","4.5","(115)","·","$5,000–10,000","Restaurant","·","Holanda 18","Open","· Closes 6 PM","https://lh3.googleusercontent.com/gps-cs-s/AHRPTWmY9u4CJjEwVPQX5WjDR8dHGSmTJCT__XQfn3oxvkQNgSES9LVKhqbinTDvXz2jHfk4_-GmtzIfzbOZkEedUaTOfrwzOUzc36SuZkDd3upZMwQnSIKjFNAdx1ZL6Wx67JdZWkk=w122-h92-k-no","Dine-in","","","","·","Takeaway","","","",""
"https://www.google.com/maps/place/Mir%C3%A1+vos!+Providencia/data=!4m7!3m6!1s0x9662cf624e372445:0x19ab9ddc7314b1c1!8m2!3d-33.4265582!4d-70.6192095!16s%2Fg%2F11cn9mdvkr!19sChIJRSQ3TmLPYpYRwbEUc9ydqxk?authuser=0&hl=en&rclk=1","Mirá vos! Providencia","4.5","(1,265)","·","$15,000–20,000","Restaurant","·","·","Open","· Closes 4 PM","https://lh3.googleusercontent.com/gps-cs-s/AHRPTWk7Ss4AkFbWS70xtpdfEI9esBu1DMuys36Lje-7bBjJPoZOGe0M4FsM9r69g1pI3DAkoW7N3H69wkHdI8HwsqsBHKM2u7l-vJfpwScugfpPo2is1FXkwwelNNF8RLazvcZs6VB0vg=w218-h92-k-no","Dine-in","https://www.google.com/searchviewer/42?cvd=CLw_EicKJeICIjIgEhkiF9LX29IPEQoNL2cvMTFjbjltZHZrchgAOgMI8A0%3D&g2lbs=AEzIGDvhHbf6hwZ-0Ewi2vybWt6NqnXWK41AZH2nddGSY5bd3WmTk4M249JBNbOwGG41wTrbfb4z&hl=en-CL&gl=cl&fo_m=MfohQo559jFvMUOzJVpjPL1YMfZ3bInYwBDuMfaXTPp5KXh-&utm_source=tactile&gei=IrCAateTO4-H5OUP6qaMqQg&ei=IrCAateTO4-H5OUP6qaMqQg&fo_s=OA&opi=79508299&ebb=1&cs=0&foub=mcpp","Order online","","·","Takeaway","·","Delivery","","Cirujano Guzmán 179"
"https://www.google.com/maps/place/Hogar+De+Sabores,+picada+de+In%C3%A9s+de+Su%C3%A1rez/data=!4m7!3m6!1s0x9662cf1226de8dcf:0x8ac5ad1f300d746b!8m2!3d-33.4401615!4d-70.6130382!16s%2Fg%2F11h5s1vbtq!19sChIJz43eJhLPYpYRa3QNMB-txYo?authuser=0&hl=en&rclk=1","Hogar De Sabores, picada de Inés de Suárez","4.8","(26)","·","$5,000–10,000","Fast Food","·","Antonio Varas 1438, 1436, Local 2","Open","· Closes 5 PM","https://lh3.googleusercontent.com/gps-cs-s/AHRPTWlzQQHlBIIi3ZChHkuLW0Tq76t4r-3Ki4Unl-tpIgZKSLPHBmp1hPvUYAzZxO1FBvMPZafgFoWw1G-vsM7c56cZmW3Q-fhq94rZbaT7p18cn4eRQfZXdSSsXiSSgVAQeofLUVdD=w92-h92-k-no","Dine-in","https://www.google.com/searchviewer/42?cvd=CLw_EicKJeICIjIgEhkiF9LX29IPEQoNL2cvMTFoNXMxdmJ0cRgAOgMI8A0%3D&g2lbs=AEzIGDvsss_4hneI4XDHax4nByIDGrr7efxvrkl1SFd__OIFg3UnkUyPApB-z54wC3u-2G4bm1wY&hl=en-CL&gl=cl&fo_m=MfohQo559jFvMUOzJVpjPL1YMfZ3bInYwBDuMfaXTPp5KXh-&utm_source=tactile&gei=LbCAavaLKM-x5OUPo92o-AU&ei=LbCAavaLKM-x5OUPo92o-AU&fo_s=OA&opi=79508299&ebb=1&cs=0&foub=mcpp","Order online","","·","Kerbside pickup","·","No delivery","",""
"https://www.google.com/maps/place/La+Casa+Del+Chef/data=!4m7!3m6!1s0x9662c582b6160ed9:0x26beb0aa785eb7a7!8m2!3d-33.4417653!4d-70.6331153!16s%2Fg%2F11bv3tsyz8!19sChIJ2Q4WtoLFYpYRp7deeKqwviY?authuser=0&hl=en&rclk=1","La Casa Del Chef","4.5","(835)","·","$15,000–20,000","Restaurant","·","·","Open","· Closes 12 AM","https://lh3.googleusercontent.com/gps-cs-s/AHRPTWmb5v2tGzv7zJ_ONssoLoUzaSpRi5I3bFZ2uAI1IRZO-MwnFKYSTyLNR21TGWYlvTLQNefJknFohDehdQv6JoNuztvksJs2QLYidBgtfM42_W3eFMY59sq2kLvol3ABhJcN74-sfQ=w122-h92-k-no","Dine-in","https://www.google.com/searchviewer/42?cvd=CLw_EicKJeICIjIgEhkiF9LX29IPEQoNL2cvMTFidjN0c3l6OBgAOgMI8A0%3D&g2lbs=AEzIGDsyVkmpU9Dsi3CvrZiuZbxIUI9kDLSgLfBDkjOb97Ez57sjcw-QBPf-JS2PXnoPoJP4rMqq&hl=en-CL&gl=cl&fo_m=MfohQo559jFvMUOzJVpjPL1YMfZ3bInYwBDuMfaXTPp5KXh-&utm_source=tactile&gei=LbCAavaLKM-x5OUPo92o-AU&ei=LbCAavaLKM-x5OUPo92o-AU&fo_s=OA&opi=79508299&ebb=1&cs=0&foub=mcpp","Order online","","·","Takeaway","·","Delivery","","Rancagua 43"
"https://www.google.com/maps/place/La+Familia/data=!4m7!3m6!1s0x9662c5876ebfe2df:0xe1561b46a005808b!8m2!3d-33.4342318!4d-70.6227698!16s%2Fg%2F11f1pgndtb!19sChIJ3-K_bofFYpYRi4AFoEYbVuE?authuser=0&hl=en&rclk=1","La Familia","4.4","(53)","·","$5,000–10,000","Restaurant","·","Bravo 925","Open","· Closes 6 PM","https://lh3.googleusercontent.com/gps-cs-s/AHRPTWl3H_RByuM1AaSuSoyg6F99jBrtCn2XbWzMoPaaVhSa9YWWdDEfhdxfjsHgb0RA_tXqCdrA7B5esSyqhlNwaS6Pez75785M7vSel55YG1dZ64uCjNocdKBmxk6KCcCTJ5j_o0kd=w163-h92-k-no","Dine-in","https://www.google.com/searchviewer/42?cvd=CLw_EicKJeICIjIgEhkiF9LX29IPEQoNL2cvMTFmMXBnbmR0YhgBOgMI8A0%3D&g2lbs=AEzIGDsW2tsHIUDgHkMSzObwCZj5-oRRCfbYFFGoqZN_uf4fuSmw9Mr-M49I7zgznzm_ZWGz0PTg&hl=en-CL&gl=cl&fo_m=MfohQo559jFvMUOzJVpjPL1YMfZ3bInYwBDuMfaXTPp5KXh-&utm_source=tactile&gei=LbCAavaLKM-x5OUPo92o-AU&ei=LbCAavaLKM-x5OUPo92o-AU&fo_s=OA&opi=79508299&orderType=1&ebb=1&cs=0&foub=mcpp","Order online","","·","Takeaway","","","",""
"https://www.google.com/maps/place/10+segundos+fideo+de+arroz/data=!4m7!3m6!1s0x9662cf003f410d0f:0x52f5bfe56996d5e2!8m2!3d-33.4191123!4d-70.6069739!16s%2Fg%2F11z2_5wqf5!19sChIJDw1BPwDPYpYR4tWWaeW_9VI?authuser=0&hl=en&rclk=1","10 segundos fideo de arroz","5.0","(15)","·","$5,000–25,000","Asian","·","Gral. Holley 2443","","","https://lh3.googleusercontent.com/gps-cs-s/AHRPTWlF473k04OK7dmlVmJqxuR3QbE0TPREIuzueF8z2h4clBsuLme7XljaBZF44nRMh0_OdzSd1ixoYsM2xSJFV5vWFtIgV54Sdc4-_JLGCHcB5U87Ll74XcESlPpXgWapVg6wKyQRkMsowGYE=w122-h92-k-no","Dine-in","","","","","","","","",""
"https://www.google.com/maps/place/Wally%27s+-+Burgers,+Fries+%26+Shakes/data=!4m7!3m6!1s0x9662cf016b4b7183:0xf33455389becff69!8m2!3d-33.4285782!4d-70.6215151!16s%2Fg%2F11pdwn09my!19sChIJg3FLawHPYpYRaf_smzhVNPM?authuser=0&hl=en&rclk=1","Wally's - Burgers, Fries & Shakes","4.8","(701)","·","$5,000–10,000","Fast Food","·","·","Open","· Closes 10 PM","https://lh3.googleusercontent.com/gps-cs-s/AHRPTWmdatI1W4kJNv6Q8ot9k1Nx7xVljlaSgG9NDF-kp9e_cSmtG2MfPusLMoH0AS7V9hBQLUIja4KZbX68L2Fk-0Vns7253UbxB7olE87pWNi2kW36MBdVkOO7xlk-MsmQuU-_LHW3=w138-h92-k-no","Dine-in","https://www.google.com/searchviewer/42?cvd=CLw_EicKJeICIjIgEhkiF9LX29IPEQoNL2cvMTFwZHduMDlteRgAOgMI8A0%3D&g2lbs=AEzIGDvWdDl_XmJAQO97zdVj5IyLDMDaRBWXxzlX55D1yZQW_hP20urmXmhFXq5sY0u98WNafvkN&hl=en-CL&gl=cl&fo_m=MfohQo559jFvMUOzJVpjPL1YMfZ3bInYwBDuMfaXTPp5KXh-&utm_source=tactile&gei=LbCAavaLKM-x5OUPo92o-AU&ei=LbCAavaLKM-x5OUPo92o-AU&fo_s=OA&opi=79508299&ebb=1&cs=0&foub=mcpp","Order online","","·","Takeaway","·","No-contact delivery","","Pérez Valenzuela 1231"
"https://www.google.com/maps/place/Los+parientes/data=!4m7!3m6!1s0x9662cff220b762e7:0xb18749a9c9f3311!8m2!3d-33.4263813!4d-70.6149833!16s%2Fg%2F11wnmkrg44!19sChIJ52K3IPLPYpYRETOfnJp0GAs?authuser=0&hl=en&rclk=1","Los parientes","3.8","(106)","·","$5,000–10,000","Restaurant","·","Av. Nueva Providencia 1757","Open","· Closes 10 PM","https://lh3.googleusercontent.com/gps-cs-s/AHRPTWkTmz5MJtXhVssUyq4lEFRG9yGTROEsfWHjoSE9YskGwcG-fI4sLImr-3C_WtuDzY8Iw4Fhcw7Jqq6a3OkKDLzsuappfd5SMlEv7FmrZP6ii2fNPHpXDA9KWw4cEsgVWGlVZ_IuLA=w80-h106-k-no","Dine-in","","","","·","Kerbside pickup","·","No delivery","",""
"https://www.google.com/maps/place/Sangucher%C3%ADa+Ciudad+Vieja/data=!4m7!3m6!1s0x9662c59abc9f0a3d:0x32b9af4162c156fe!8m2!3d-33.4332871!4d-70.6348386!16s%2Fg%2F11bx1h7ykt!19sChIJPQqfvJrFYpYR_lbBYkGvuTI?authuser=0&hl=en&rclk=1","Sanguchería Ciudad Vieja","4.7","(4,812)","·","$10,000–20,000","Restaurant","·","·","Open","· Closes 1 AM","https://lh3.googleusercontent.com/gps-cs-s/AHRPTWkOJeUXEEDrZJw2tRh3Wa54Umgi8dmfe-_2QsN3uz62m9iemHXC4vpCsnVOweZhRjveBf9oG_ga5f9x3PEx6yccGZ2o48d2AkyscxGGeg58RHNkiMGNx9Yitf0a7wGReA6jiSW-=w163-h92-k-no","Dine-in","https://www.google.com/searchviewer/42?cvd=CLw_EicKJeICIjIgEhkiF9LX29IPEQoNL2cvMTFieDFoN3lrdBgAOgMI8A0%3D&g2lbs=AEzIGDvSur67LUU_sQkG0ODLJ5dCZt5UylqxNpKcRj6tElgrfbBy98gPc8zMrc2S3mA5W6mknuXb&hl=en-CL&gl=cl&fo_m=MfohQo559jFvMUOzJVpjPL1YMfZ3bInYwBDuMfaXTPp5KXh-&utm_source=tactile&gei=LbCAavaLKM-x5OUPo92o-AU&ei=LbCAavaLKM-x5OUPo92o-AU&fo_s=OA&opi=79508299&ebb=1&cs=0&foub=mcpp","Order online","","·","Takeaway","·","No-contact delivery","","Constitución 92"
"https://www.google.com/maps/place/El+Hoyo/data=!4m7!3m6!1s0x9662c4f97cbad81d:0x4b3337cd419a8666!8m2!3d-33.4424096!4d-70.6269601!16s%2Fg%2F11dynqr31s!19sChIJHdi6fPnEYpYRZoaaQc03M0s?authuser=0&hl=en&rclk=1","El Hoyo","4.7","(12,746)","·","$15,000–35,000","Restaurant","·","·","Open","· Closes 12 AM","https://lh3.googleusercontent.com/gps-cs-s/AHRPTWkIX8dxLwW9ULr_h-n_SxAcqNe3QQyxrIQj6YvTF550Z-7lv98Y1Bn0vMEXmOrHIlht95uXDIbRKM5TMUQmlkSzhaN99IdF8XoPtmj5OZsEePU3M1qBxasQUMAK5sKYCU2OIFouFA=w163-h92-k-no","Dine-in","https://www.google.com/maps/reserve/v/dine/c/5P83uVNjGYI?source=pa&opi=79508299&hl=en-CL&gei=LbCAavaLKM-x5OUPo92o-AU&ahbb=1&sourceurl=https://www.google.com/search?tbm%3Dmap%26hl%3Den%26gl%3Dcl%26authuser%3D0%26pb%3D!4m8!1m3!1d53273.79390980131!2d-70.6521633!3d-33.4333555!3m2!1i1024!2i768!4f13.1!7i20!8i20!10b1!12m57!1m5!18b1!30b1!31m1!1b1!34e1!2m4!5m1!6e2!20e3!39b1!6m30!32i1!49b1!63m0!66b1!85b1!114b1!149b1!206b1!209b1!212b1!215b1!216b1!222b1!223b1!232b1!234b1!235b1!246b1!253b1!260b1!266b1!267b1!270b1!273b1!280b1!281b1!286b1!291m0!302i300!303i100!10b1!12b1!13b1!14b1!16b1!17m1!3e1!20m3!5e2!6b1!14b1!46m1!1b0!96b1!99b1!19m4!2m3!1i360!2i120!4i8!20m65!2m2!1i203!2i100!3m2!2i4!5b1!6m6!1m2!1i86!2i86!1m2!1i408!2i240!7m33!1m3!1e1!2b0!3e3!1m3!1e2!2b1!3e2!1m3!1e2!2b0!3e3!1m3!1e8!2b0!3e3!1m3!1e10!2b0!3e3!1m3!1e10!2b1!3e2!1m3!1e10!2b0!3e4!1m3!1e9!2b1!3e2!2b1!9b0!15m16!1m7!1m2!1m1!1e2!2m2!1i195!2i195!3i20!1m7!1m2!1m1!1e2!2m2!1i195!2i195!3i20!22m5!1sIrCAasTTHoaJ5OUPtsOzCQ:91!2s1i:0,t:246204,p:IrCAasTTHoaJ5OUPtsOzCQ:91!7e81!12e22!17sIrCAasTTHoaJ5OUPtsOzCQ:92!24m107!1m25!13m9!2b1!3b1!4b1!6i1!8b1!9b1!14b1!20b1!25b1!18m14!3b1!4b1!5b1!6b1!13b1!14b1!17b1!21b1!22b1!32b1!33m1!1b1!34b1!36e2!10m1!8e3!11m1!3e1!17b1!20m2!1e3!1e6!24b1!25b1!26b1!27b1!29b1!30m1!2b1!36b1!37b1!39m3!2m2!2i1!3i1!43b1!52b1!54m1!1b1!55b1!56m1!1b1!61m2!1m1!1e1!65m5!3m4!1m3!1m2!1i224!2i298!72m22!1m8!2b1!5b1!7b1!12m4!1b1!2b1!4m1!1e1!4b1!8m10!1m6!4m1!1e1!4m1!1e3!4m1!1e4!3sother_user_google_review_posts__and__hotel_and_vr_partner_review_posts!6m1!1e1!9b1!89b1!90m2!1m1!1e2!98m3!1b1!2b1!3b1!103b1!113b1!114m3!1b1!2m1!1b1!117b1!122m1!1b1!126b1!127b1!128m1!1b1!26m4!2m3!1i80!2i92!4i8!30m28!1m6!1m2!1i0!2i0!2m2!1i530!2i768!1m6!1m2!1i974!2i0!2m2!1i1024!2i768!1m6!1m2!1i0!2i0!2m2!1i1024!2i20!1m6!1m2!1i0!2i748!2m2!1i1024!2i768!34m19!2b1!3b1!4b1!6b1!8m6!1b1!3b1!4b1!5b1!6b1!7b1!9b1!12b1!14b1!20b1!23b1!25b1!26b1!31b1!37m1!1e81!42b1!46m1!1e9!47m0!49m10!3b1!6m2!1b1!2b1!7m2!1e3!2b1!8b1!9b1!10e2!50m245!1m241!2m7!1u3!4sOpen%2Bnow!5e1!9s0ahUKEwjXrIb9oaOWAxWPA7kGHWoTI4UQ_KkBCAcoAg!10m2!3m1!1e1!2m7!1u2!4sTop%2Brated!5e1!9s0ahUKEwjXrIb9oaOWAxWPA7kGHWoTI4UQ_KkBCAgoAw!10m2!2m1!1e1!2m11!1u62!2e1!4s!5e3!9s0ahUKEwjXrIb9oaOWAxWPA7kGHWoTI4UQ_KkBCAkoBA!10m5!64m4!2m3!1i1!2i5000!3sCLP!2m11!1u62!2e1!4s!5e3!9s0ahUKEwjXrIb9oaOWAxWPA7kGHWoTI4UQ_KkBCAooBQ!10m5!64m4!2m3!1i5000!2i10000!3sCLP!2m11!1u62!2e1!4s!5e3!9s0ahUKEwjXrIb9oaOWAxWPA7kGHWoTI4UQ_KkBCAsoBg!10m5!64m4!2m3!1i10000!2i15000!3sCLP!2m11!1u62!2e1!4s!5e3!9s0ahUKEwjXrIb9oaOWAxWPA7kGHWoTI4UQ_KkBCAwoBw!10m5!64m4!2m3!1i15000!2i20000!3sCLP!2m11!1u62!2e1!4s!5e3!9s0ahUKEwjXrIb9oaOWAxWPA7kGHWoTI4UQ_KkBCA0oCA!10m5!64m4!2m3!1i20000!2i25000!3sCLP!2m11!1u62!2e1!4s!5e3!9s0ahUKEwjXrIb9oaOWAxWPA7kGHWoTI4UQ_KkBCA4oCQ!10m5!64m4!2m3!1i25000!2i30000!3sCLP!2m11!1u62!2e1!4s!5e3!9s0ahUKEwjXrIb9oaOWAxWPA7kGHWoTI4UQ_KkBCA8oCg!10m5!64m4!2m3!1i30000!2i35000!3sCLP!2m11!1u62!2e1!4s!5e3!9s0ahUKEwjXrIb9oaOWAxWPA7kGHWoTI4UQ_KkBCBAoCw!10m5!64m4!2m3!1i35000!2i40000!3sCLP!2m11!1u62!2e1!4s!5e3!9s0ahUKEwjXrIb9oaOWAxWPA7kGHWoTI4UQ_KkBCBEoDA!10m5!64m4!2m3!1i40000!2i45000!3sCLP!2m11!1u62!2e1!4s!5e3!9s0ahUKEwjXrIb9oaOWAxWPA7kGHWoTI4UQ_KkBCBIoDQ!10m5!64m4!2m3!1i45000!2i50000!3sCLP!2m10!1u62!2e1!4s!5e3!9s0ahUKEwjXrIb9oaOWAxWPA7kGHWoTI4UQ_KkBCBMoDg!10m4!64m3!2m2!1i50000!3sCLP!3m88!1u62!2m7!1m5!64m4!2m3!1i1!2i5000!3sCLP!2s!2m7!1m5!64m4!2m3!1i5000!2i10000!3sCLP!2s!2m7!1m5!64m4!2m3!1i10000!2i15000!3sCLP!2s!2m7!1m5!64m4!2m3!1i15000!2i20000!3sCLP!2s!2m7!1m5!64m4!2m3!1i20000!2i25000!3sCLP!2s!2m7!1m5!64m4!2m3!1i25000!2i30000!3sCLP!2s!2m7!1m5!64m4!2m3!1i30000!2i35000!3sCLP!2s!2m7!1m5!64m4!2m3!1i35000!2i40000!3sCLP!2s!2m7!1m5!64m4!2m3!1i40000!2i45000!3sCLP!2s!2m7!1m5!64m4!2m3!1i45000!2i50000!3sCLP!2s!2m6!1m4!64m3!2m2!1i50000!3sCLP!2s!3m1!1u2!3m1!1u3!4BIAE!2e2!3m1!3b1!59BQ2dBd0Fn!61b1!67m5!7b1!10b1!14b1!15m1!1b0!69i790!77b1%26q%3DLocales%2Bde%2BComida%2Bal%2Bpaso%2Bprovidencia%26ech%3D1%26psi%3DIrCAasTTHoaJ5OUPtsOzCQ.1786818596712.1","Reserve a table","","·","No delivery","","","","Condell 818"
"https://www.google.com/maps/place/Da+Renzo/data=!4m7!3m6!1s0x9662cf6609db74c9:0x2ccc36b454103fe1!8m2!3d-33.4231842!4d-70.6108838!16s%2Fg%2F1thy0_ws!19sChIJyXTbCWbPYpYR4T8QVLQ2zCw?authuser=0&hl=en&rclk=1","Da Renzo","4.4","(1,505)","·","$10,000–15,000","Italian","·","Guardia Vieja 47","Open","· Closes 4 PM","https://lh3.googleusercontent.com/gps-cs-s/AHRPTWkdbOKlOn7ZFBGlkRYBgCRmJJy-mI3sVa8OIUxidUp7rUNqq9ltyM8Q9EbLyqUQzLtJSyZ-FwhVr8jGy-WAEGQ-4o8_pv8qlnRPwvFlODO5u-TA9-ELno0f3sBakJRinmfsjKe-=w122-h92-k-no","Dine-in","","","","·","Takeaway","·","Delivery","",""
"https://www.google.com/maps/place/Restaurante+A+La+Suerte+De+La+Olla/data=!4m7!3m6!1s0x9662c5bd0065d419:0xbb9c3cd45c9c8971!8m2!3d-33.4310745!4d-70.627443!16s%2Fg%2F11h89j8xv4!19sChIJGdRlAL3FYpYRcYmcXNQ8nLs?authuser=0&hl=en&rclk=1","Restaurante A La Suerte De La Olla","4.2","(28)","·","$5,000–10,000","Restaurant","·","C. del Arzobispo 0639","Open","· Closes 8 PM","https://lh3.googleusercontent.com/gps-cs-s/AHRPTWlx_NodErmyale8j8eOHKw3sKrBEM9HVBUdpq51LNqWVAll8tZqq0zvJFax2xbKmgidrEq8X6d52Ry-V-Zxoio0K_xGIfpIO5Xb7cDwHDlUbz_hTmVQdamqfBCX1YeUIWQv7bIa=w122-h92-k-no","Dine-in","","","","·","Drive-through","·","No-contact delivery","",""
"https://www.google.com/maps/place/Chilmex+Barrio+Italia/data=!4m7!3m6!1s0x9662c5001c58f515:0xb630b636202785e2!8m2!3d-33.4452647!4d-70.6251796!16s%2Fg%2F11w_rk5ts2!19sChIJFfVYHADFYpYR4oUnIDa2MLY?authuser=0&hl=en&rclk=1","Chilmex Barrio Italia","4.7","(809)","·","$10,000–35,000","Mexican","·","Av. Italia 1152","Open","· Closes 2 AM","https://lh3.googleusercontent.com/gps-cs-s/AHRPTWnT8Rx64IPWPihZl3iTQyOqAWkM0gf3ylbHS7PsLTeKAhlbGUdxF3Xxz0btnZI5j9gDxBydhkOhZTuEJmhGzeSNyNmUTihb4Mp-1pMAKbliidX6nT3XFmkj8UZJs7lkP2kBX9Tuqhde7tJQ=w137-h92-k-no","Dine-in","","","","","","","","",""
"https://www.google.com/maps/place/Sabores+Argentinos/data=!4m7!3m6!1s0x9662cfe2cebdc09b:0x937520b92ae6e628!8m2!3d-33.4193561!4d-70.6066519!16s%2Fg%2F11mpwl2kx7!19sChIJm8C9zuLPYpYRKObmKrkgdZM?authuser=0&hl=en&rclk=1","Sabores Argentinos","4.5","(328)","·","$10,000–15,000","Grill","·","Nueva Los Leones 054","Open","· Closes 9 PM","https://lh3.googleusercontent.com/gps-cs-s/AHRPTWmVUWH2i0sltl1FL_qUhFZBinnK2IdeKLbpMtBKSLoYsIKVDTkPBYTkSJMnTKwWy6wYgGHKuKqIwrKjkc4fWBTzK5J5Mqy2JhgvKO3WXwqmubnczcOHng7_PVNhdeJAxO9X0rQ=w122-h92-k-no","Dine-in","https://www.google.com/searchviewer/42?cvd=CLw_EicKJeICIjIgEhkiF9LX29IPEQoNL2cvMTFtcHdsMmt4NxgAOgMI8A0%3D&g2lbs=AEzIGDunL_nqLKXSo9j7HJutavJ_2Bgrwh2NPBwmsOARJoI4YOteQgrOxm4vSca1oJ-q7MmW6GkE&hl=en-CL&gl=cl&fo_m=MfohQo559jFvMUOzJVpjPL1YMfZ3bInYwBDuMfaXTPp5KXh-&utm_source=tactile&gei=LbCAavaLKM-x5OUPo92o-AU&ei=LbCAavaLKM-x5OUPo92o-AU&fo_s=OA&opi=79508299&ebb=1&cs=0&foub=mcpp","Order online","","·","Takeaway","·","Delivery","",""
"https://www.google.com/maps/place/Punto+Sabroso/data=!4m7!3m6!1s0x9662cf83cb8855fd:0xb0500200e949ceee!8m2!3d-33.44297!4d-70.6145916!16s%2Fg%2F11b_2q6yg3!19sChIJ_VWIy4PPYpYR7s5J6QACULA?authuser=0&hl=en&rclk=1","Punto Sabroso","4.3","(662)","·","$15,000–30,000","Restaurant","·","·","Open","· Closes 1 AM","https://lh3.googleusercontent.com/gps-cs-s/AHRPTWmQJrXGNAMa2PwwqA3B47EINtt-Uo4ho800u-GBlJ4fxYD9AFVNFV6Fnxva9vexgsElUlqMyXwte_JoUKVwIf6uGzxU5mu2UZA5DG4RcEw9Fo8Bguu6DXLmuxRRMVlI8W07zbk=w122-h92-k-no","Dine-in","","","","·","Takeaway","·","No-contact delivery","","Manuel Montt 1660"
"https://www.google.com/maps/place/La+Yunta+Providencia/data=!4m7!3m6!1s0x9662cf7c1d4926e9:0x86997b36f37f3a27!8m2!3d-33.4349707!4d-70.6163277!16s%2Fg%2F11cpppmpkp!19sChIJ6SZJHXzPYpYRJzp_8zZ7mYY?authuser=0&hl=en&rclk=1","La Yunta Providencia","4.6","(1,779)","·","$10,000–15,000","Restaurant","·","·","Open","· Closes 11:30 PM","https://lh3.googleusercontent.com/gps-cs-s/AHRPTWn5KYSCL2uDLqS_qSZ4b1Ri_QoGWL-PWtdo0BpzT20Yu8p2BBgwB1EhDQK-DHCVDuLhHLMqfQvZiowJZXUSMeq0Pp4pFfUyQeySTyYVl3Kg-384Kr4tzaQVNKtyJxg6yd61ayNlwQ=w122-h92-k-no","Dine-in","https://www.google.com/searchviewer/42?cvd=CLw_EicKJeICIjIgEhkiF9LX29IPEQoNL2cvMTFjcHBwbXBrcBgAOgMI8A0%3D&g2lbs=AEzIGDujW0cm7o0Lqxi0L9sYnHJzVDeP9WoCqBXkf2Mac56wK1ECOAdl5dssGqAvMvXUybjIoiTO&hl=en-CL&gl=cl&fo_m=MfohQo559jFvMUOzJVpjPL1YMfZ3bInYwBDuMfaXTPp5KXh-&utm_source=tactile&gei=LbCAavaLKM-x5OUPo92o-AU&ei=LbCAavaLKM-x5OUPo92o-AU&fo_s=OA&opi=79508299&ebb=1&cs=0&foub=mcpp","Order online","","·","Kerbside pickup","·","Delivery","","Manuel Montt 748"
"https://www.google.com/maps/place/Restaurant+Viva+La+Vida/data=!4m7!3m6!1s0x9662c5900af9e0f1:0x7a3457df8c8e8df0!8m2!3d-33.4323847!4d-70.6350521!16s%2Fg%2F11bbrm9xzn!19sChIJ8eD5CpDFYpYR8I2OjN9XNHo?authuser=0&hl=en&rclk=1","Restaurant Viva La Vida","4.8","(5,124)","·","$10,000–20,000","Chilean","·","Constitución 166","Open","· Closes 1 AM","https://lh3.googleusercontent.com/gps-cs-s/AHRPTWnbpJ9Cqels13v-AyYiLhAdUlXRWGsjtccQ-Z49OMdaWn9p_cF4MZBaLw7FzxTFJezzwENN6WL3Zia2x3pfnFS-ovGb09yjYLLS73BtjBtnLqHr_Iysa_gCZ44n5fepVIeB_Ur3=w163-h92-k-no","Dine-in","https://www.google.com/searchviewer/42?cvd=CLw_EicKJeICIjIgEhkiF9LX29IPEQoNL2cvMTFiYnJtOXh6bhgAOgMI8A0%3D&g2lbs=AEzIGDuqlXlaI1Nx4WUZ3Jb6D0tjH_R_FA3iE0yREE821AikMDEv2vjGmitK6Df3EYsvRRNuj9Ia&hl=en-CL&gl=cl&fo_m=MfohQo559jFvMUOzJVpjPL1YMfZ3bInYwBDuMfaXTPp5KXh-&utm_source=tactile&gei=LbCAavaLKM-x5OUPo92o-AU&ei=LbCAavaLKM-x5OUPo92o-AU&fo_s=OA&opi=79508299&ebb=1&cs=0&foub=mcpp","Order online","","·","Kerbside pickup","·","No-contact delivery","",""
"https://www.google.com/maps/place/El+Zocalo+Providencia/data=!4m7!3m6!1s0x9662cf950b0d289d:0x938a857693a2039!8m2!3d-33.4352771!4d-70.6274337!16s%2Fg%2F11f7r42nz6!19sChIJnSgNC5XPYpYROSA6aVeoOAk?authuser=0&hl=en&rclk=1","El Zocalo Providencia","4.2","(1,518)","·","$10,000–30,000","Mexican","·","·","Open","· Closes 11 PM","https://lh3.googleusercontent.com/gps-cs-s/AHRPTWlrK6_WOHnoeZ2uufqJR8zicLUfFr4lY0YGRIaX0iJxI7dyx4JoNvViQrI9PBes_uX-dBHvKUvbjmeu99lPswIm38zf99r0_y8LPpWeicgHdKpewckGccl3xMmjv9JT735kvZeFmg=w122-h92-k-no","Dine-in","https://www.google.com/searchviewer/42?cvd=CLw_EicKJeICIjIgEhkiF9LX29IPEQoNL2cvMTFmN3I0Mm56NhgAOgMI8A0%3D&g2lbs=AEzIGDsaKBFjASUIz3TO1sSDQzjS5DvuqqLyoCZ8tR4y6nugl0vUsbGEARB_J4SFiNVdoNqU1Cob&hl=en-CL&gl=cl&fo_m=MfohQo559jFvMUOzJVpjPL1YMfZ3bInYwBDuMfaXTPp5KXh-&utm_source=tactile&gei=LbCAavaLKM-x5OUPo92o-AU&ei=LbCAavaLKM-x5OUPo92o-AU&fo_s=OA&opi=79508299&ebb=1&cs=0&foub=mcpp","Order online","","·","Kerbside pickup","·","Delivery","","Av. Providencia 455, Loc 107"
"https://www.google.com/maps/place/Kil%C3%BA+-+Casa+de+Carnes/data=!4m7!3m6!1s0x9662c5d9547e1577:0xfc5330f70249a13c!8m2!3d-33.431898!4d-70.623884!16s%2Fg%2F11wj0k0h23!19sChIJdxV-VNnFYpYRPKFJAvcwU_w?authuser=0&hl=en&rclk=1","Kilú - Casa de Carnes","4.8","(520)","","","Steak","·","José Manuel Infante 28","Open","· Closes 1 AM","https://lh3.googleusercontent.com/gps-cs-s/AHRPTWlyfskHYg9-gjBg1r_TpwTykY-fV12_uUXPVYY8i2wFZbGhxvfhoIhYuzPiHbz-uptKLlCWD3jmu74sw_aUdPEsRaXKfkEOkIvtLbdU9c73qSaJyyYt2hClLo2SCUHCWOkklVE2Y6Uzg24V=w80-h106-k-no","Dine-in","","","","·","No takeaway","·","No delivery","",""
"https://www.google.com/maps/place/SDG+Pedro+de+Valdivia/data=!4m7!3m6!1s0x9662cfb250dbb9d1:0x4007ed93026e2f18!8m2!3d-33.423998!4d-70.612402!16s%2Fg%2F11ycw8sbnq!19sChIJ0bnbULLPYpYRGC9uApPtB0A?authuser=0&hl=en&rclk=1","SDG Pedro de Valdivia","4.8","(836)","·","$10,000–20,000","Restaurant","·","·","Open","· Closes 11 PM","https://lh3.googleusercontent.com/gps-cs-s/AHRPTWkJyRFxdoGS1x3To7L-8FL7Bv8ZjObfkgQt-MXYtBXmmpHSFEo3-gaEhCvv_kwB2cyWHM6BTpp0uc36UT0dy4xJOzisxJDdNALJEwYvopX_N-zWQP557Pai3iYPZ2HlGPSvpnqQ4uxZPnqd=w80-h106-k-no","Dine-in","https://www.google.com/searchviewer/42?cvd=CLw_EicKJeICIjIgEhkiF9LX29IPEQoNL2cvMTF5Y3c4c2JucRgAOgMI8A0%3D&g2lbs=AEzIGDtkaHgPQuXzCjKjstnV_vHnYsm3rEYIWHG5DuMhGnKVDh1pMgx2pUyV5GpM7tysHNwL1EiT&hl=en-CL&gl=cl&fo_m=MfohQo559jFvMUOzJVpjPL1YMfZ3bInYwBDuMfaXTPp5KXh-&utm_source=tactile&gei=LbCAavaLKM-x5OUPo92o-AU&ei=LbCAavaLKM-x5OUPo92o-AU&fo_s=OA&opi=79508299&ebb=1&cs=0&foub=mcpp","Order online","","","","","","","Av. Providencia 1995"
"https://www.google.com/maps/place/Cupbab+Express/data=!4m7!3m6!1s0x9662cfb8a21f9ced:0x4de617d3148556da!8m2!3d-33.4202255!4d-70.6086659!16s%2Fg%2F11nl61vxly!19sChIJ7ZwforjPYpYR2laFFNMX5k0?authuser=0&hl=en&rclk=1","Cupbab Express","4.7","(196)","·","$5,000–10,000","Korean","·","Gral. Holley 2294, Loc.2","Open","· Closes 6:30 PM","https://lh3.googleusercontent.com/gps-cs-s/AHRPTWnDZdoFcGKQr61hIEGBqPgrHUxECINl2YEB5ubvS9Ba5Ge5EVSzRhqmKsgUNNCxRVguW3Eyd-S6GeEVsjiqHYYGj4Z__mTJUxMGF45BMC21ht8F1icvPRkNoyzBuu1U_mGOY3g=w80-h142-k-no","Dine-in","https://www.google.com/searchviewer/42?cvd=CLw_EicKJeICIjIgEhkiF9LX29IPEQoNL2cvMTFubDYxdnhseRgAOgMI8A0%3D&g2lbs=AEzIGDsGhbDglSlCtWfHYb208UP-9pI2VV-9klszxYcNZWC8EWzeHnYsqpu5iBhMnoNmbhX6qAR_&hl=en-CL&gl=cl&fo_m=MfohQo559jFvMUOzJVpjPL1YMfZ3bInYwBDuMfaXTPp5KXh-&utm_source=tactile&gei=LbCAavaLKM-x5OUPo92o-AU&ei=LbCAavaLKM-x5OUPo92o-AU&fo_s=OA&opi=79508299&ebb=1&cs=0&foub=mcpp","Order online","","·","Takeaway","","","",""
"https://www.google.com/maps/place/Prontosandwich+%7C+Sandwich+%26+Completos+%26+Churrasco/data=!4m7!3m6!1s0x9662cfd720578aed:0x70134fab9025eaf!8m2!3d-33.4403053!4d-70.6155483!16s%2Fg%2F11ghppfntv!19sChIJ7YpXINfPYpYRr14Cufo0AQc?authuser=0&hl=en&rclk=1","Prontosandwich | Sandwich & Completos & Churrasco","4.5","(159)","·","$5,000–10,000","Restaurant","·","·","Open","· Closes 10:45 PM","https://lh3.googleusercontent.com/gps-cs-s/AHRPTWnkY9ram_j8LehTKDZHKP3t6sl6MS0ItQzg2MFOXhvrDytnANY7Pcx9WaR88YLjFncqiZ2yYhtNO95LVtfFnkT29MK60noX-k02tlRtYLEnffUSa9EDEdgZ52Qj2ZNlm6Vj3o3o=w122-h92-k-no","Dine-in","https://www.google.com/searchviewer/42?cvd=CLw_EicKJeICIjIgEhkiF9LX29IPEQoNL2cvMTFnaHBwZm50dhgAOgMI8A0%3D&g2lbs=AEzIGDtXeXeZPaZQ0Gwpo_U4Ky8yvqMb3GQmCqfCwEXo9aX-X3S-Yv0XRODHRJQS8fNPlmXhGfnK&hl=en-CL&gl=cl&fo_m=MfohQo559jFvMUOzJVpjPL1YMfZ3bInYwBDuMfaXTPp5KXh-&utm_source=tactile&gei=LbCAavaLKM-x5OUPo92o-AU&ei=LbCAavaLKM-x5OUPo92o-AU&fo_s=OA&opi=79508299&ebb=1&cs=0&foub=mcpp","Order online","","·","Takeaway","·","No-contact delivery","","Manuel Montt 1349, Loc 10"
"https://www.google.com/maps/place/El+Palacio+De+La+Chorrillana/data=!4m7!3m6!1s0x9662c5fae62793fd:0x9b622233f56aa66!8m2!3d-33.4320285!4d-70.6358017!16s%2Fg%2F11g1_7tb9w!19sChIJ_ZMn5vrFYpYRZqpWPyMitgk?authuser=0&hl=en&rclk=1","El Palacio De La Chorrillana","4.3","(3,681)","·","$10,000–15,000","Restaurant","·","·","Open","· Closes 1 AM","https://lh3.googleusercontent.com/gps-cs-s/AHRPTWmx01nDDoIW16_gyN5i0xIUK4EHM8m34Bz-fmInxWw98hyddos7mLsCPRvu4v0W9mOYcdJJ9Vfs3pb0MOCKJMd0G38DzTYiI9Lunk072RyTF5kqoWU5BLlunx8fMaT2TAZiQlKIAg=w80-h106-k-no","Dine-in","https://www.google.com/searchviewer/42?cvd=CLw_EicKJeICIjIgEhkiF9LX29IPEQoNL2cvMTFnMV83dGI5dxgAOgMI8A0%3D&g2lbs=AEzIGDvnLMunu2-aTanr37v38XlNpxK3BLINhe3tU7ACokAAJLu9qG-pnRlJrQsl5EvhH1cMfLBp&hl=en-CL&gl=cl&fo_m=MfohQo559jFvMUOzJVpjPL1YMfZ3bInYwBDuMfaXTPp5KXh-&utm_source=tactile&gei=N7CAavrEJd7b5OUP95aQMQ&ei=N7CAavrEJd7b5OUP95aQMQ&fo_s=OA&opi=79508299&ebb=1&cs=0&foub=mcpp","Order online","","·","Takeaway","·","Delivery","","Pío Nono 201"
"https://www.google.com/maps/place/Sincubiertos+Lunch/data=!4m7!3m6!1s0x9662cf89ddd6ff11:0xa620f46c713668c3!8m2!3d-33.42699!4d-70.6155282!16s%2Fg%2F11tgf79rxf!19sChIJEf_W3YnPYpYRw2g2cWz0IKY?authuser=0&hl=en&rclk=1","Sincubiertos Lunch","4.4","(79)","·","$5,000–10,000","Fast Food","·","·","Open","· Closes 5:30 PM","https://lh3.googleusercontent.com/gps-cs-s/AHRPTWmprctHtN-vRMHUNPTzdsjbZFgTjxJbUhzmI7xah54_wB--OSR1VvzX074YBAeWre8Yy_T1Wi333NfEsDqpsNFnNrWtXBtn8wccJZ2F-oLLWYJDujq_xLC9NRrLlvtVee7eBIw8=w80-h101-k-no","Dine-in","https://www.google.com/searchviewer/42?cvd=CLw_EicKJeICIjIgEhkiF9LX29IPEQoNL2cvMTF0Z2Y3OXJ4ZhgAOgMI8A0%3D&g2lbs=AEzIGDvwTt-KlPf2Zu5CHbb3Wzeb5A03o6cgFLiwHT2Ajuiv_3QhbphqW0jr8Kuk1VHLWDEssxgS&hl=en-CL&gl=cl&fo_m=MfohQo559jFvMUOzJVpjPL1YMfZ3bInYwBDuMfaXTPp5KXh-&utm_source=tactile&gei=N7CAavrEJd7b5OUP95aQMQ&ei=N7CAavrEJd7b5OUP95aQMQ&fo_s=OA&opi=79508299&ebb=1&cs=0&foub=mcpp","Order online","","·","Drive-through","·","Delivery","","Av. Nueva Providencia 1663"
"https://www.google.com/maps/place/Ootoya+-+Ramen+%26+Noodles+House/data=!4m7!3m6!1s0x9662c59aa3e424c1:0x630b5fbe0fdd9a15!8m2!3d-33.4328962!4d-70.6347588!16s%2Fg%2F11ggbn2syh!19sChIJwSTko5rFYpYRFZrdD75fC2M?authuser=0&hl=en&rclk=1","Ootoya - Ramen & Noodles House","4.6","(1,507)","·","$10,000–15,000","Restaurant","·","Constitución 125","Open","· Closes 9:15 PM","https://lh3.googleusercontent.com/gps-cs-s/AHRPTWneHcPwXoiHneBJ0VFZ-MOpCvVTI4cRDfFd7er3Sdzj4JD8nckJPK4hTREKjxl4iIViZu6ZmS4F_D17NIiIsW69P-9Y88SB0ZcM9-vRP2_lxQNF5ON7BBSz1wKoUMEW2X2YIkPb=w122-h92-k-no","Dine-in","https://www.google.com/searchviewer/42?cvd=CLw_EicKJeICIjIgEhkiF9LX29IPEQoNL2cvMTFnZ2JuMnN5aBgAOgMI8A0%3D&g2lbs=AEzIGDuOflz3i0_c82lYwY0WGh0mCu_R1iLmCqCjxDmYQEnuRNC6vQnx_u_XVEmmS1jjrHcHsfJW&hl=en-CL&gl=cl&fo_m=MfohQo559jFvMUOzJVpjPL1YMfZ3bInYwBDuMfaXTPp5KXh-&utm_source=tactile&gei=N7CAavrEJd7b5OUP95aQMQ&ei=N7CAavrEJd7b5OUP95aQMQ&fo_s=OA&opi=79508299&ebb=1&cs=0&foub=mcpp","Order online","","·","Takeaway","·","No-contact delivery","",""
"https://www.google.com/maps/place/Pasta+Pazza/data=!4m7!3m6!1s0x9662cf5d91c5cc15:0xd4867b008b85a77c!8m2!3d-33.4174609!4d-70.6138615!16s%2Fg%2F11bw65zhr6!19sChIJFczFkV3PYpYRfKeFiwB7htQ?authuser=0&hl=en&rclk=1","Pasta Pazza","4.5","(869)","·","$15,000–20,000","Italian","·","·","Open","· Closes 11 PM","https://lh3.googleusercontent.com/gps-cs-s/AHRPTWnFRElSOkp5fHPjM-_53_Ta87GKsQuh4CMXD1Ifsw89vvhma4rHDKQcQdHjHQWI7EgSoC7LvqBFX2ipD-vV9vyDL5GK_Y0zwFMlw5CWiO5TFf8oMWSo39n1EyLsk8qhOrVxMdi65Q=w122-h92-k-no","Dine-in","https://www.google.com/searchviewer/42?cvd=CLw_EicKJeICIjIgEhkiF9LX29IPEQoNL2cvMTFidzY1emhyNhgAOgMI8A0%3D&g2lbs=AEzIGDuWiCyUD9ZprGj8Rhalmz04AdZzgDkDoyfHNhZQdvK0tR0nOMHZlwhlWYvb_lYAMPgA8tmn&hl=en-CL&gl=cl&fo_m=MfohQo559jFvMUOzJVpjPL1YMfZ3bInYwBDuMfaXTPp5KXh-&utm_source=tactile&gei=N7CAavrEJd7b5OUP95aQMQ&ei=N7CAavrEJd7b5OUP95aQMQ&fo_s=OA&opi=79508299&ebb=1&cs=0&foub=mcpp","Order online","","·","Takeaway","·","No-contact delivery","","Los Conquistadores 2248"
"https://www.google.com/maps/place/La+Mechada+Nacional/data=!4m7!3m6!1s0x9662cf68ba6b224b:0x5fa6c41519f4e07f!8m2!3d-33.42208!4d-70.6089585!16s%2Fg%2F11bw77prqr!19sChIJSyJrumjPYpYRf-D0GRXEpl8?authuser=0&hl=en&rclk=1","La Mechada Nacional","4.2","(514)","·","$5,000–10,000","Restaurant","·","Av. Nueva Providencia 2236","Open","· Closes 6 PM","https://lh3.googleusercontent.com/gps-cs-s/AHRPTWkXRretWph6Q0q2QA3iTYMXQFAQCDGZ42Q7D_Etoyji_dvdapqj-dVAG_6jx4TrLhZJEb0nVfBbSH28j-sjmSvbnaSYXFzNh7X09d2e6-GL-mfn-Ggx4tklWcm8_zy1hmHv_gQB=w122-h92-k-no","Dine-in","https://www.google.com/searchviewer/42?cvd=CLw_EicKJeICIjIgEhkiF9LX29IPEQoNL2cvMTFidzc3cHJxchgAOgMI8A0%3D&g2lbs=AEzIGDvzrwEB6dwsfRLHjQS78oe9yrPcCLftQ6AOaqMyaoE9gvNURELLBc9doT4lz74576F0o70o&hl=en-CL&gl=cl&fo_m=MfohQo559jFvMUOzJVpjPL1YMfZ3bInYwBDuMfaXTPp5KXh-&utm_source=tactile&gei=N7CAavrEJd7b5OUP95aQMQ&ei=N7CAavrEJd7b5OUP95aQMQ&fo_s=OA&opi=79508299&ebb=1&cs=0&foub=mcpp","Order online","","·","Takeaway","·","Delivery","",""
"https://www.google.com/maps/place/La+Hacienda+Gaucha/data=!4m7!3m6!1s0x9662cf77d05d9733:0x50a5c2a41484f2f5!8m2!3d-33.4387109!4d-70.6083537!16s%2Fg%2F11b7q82hfy!19sChIJM5dd0HfPYpYR9fKEFKTCpVA?authuser=0&hl=en&rclk=1","La Hacienda Gaucha","4.4","(7,618)","·","$15,000–40,000","Steak","·","·","Open","· Closes 10:30 PM","https://lh3.googleusercontent.com/gps-cs-s/AHRPTWlCaPvmvYLdliDtvvWJn4M_nNT93CN116Xd6r8Lo6Yc5lRPsw95KIYPHCcmyhnbLxcNyf3nPYwyv0aH4bHWa0dkHjKh484t1GvqOROCtSpAQ-Q_im9mNLlHgQzqzVl8-8YGsqE=w118-h92-k-no","Dine-in","","","","·","Takeaway","·","Delivery","","Providencia Región Metropolitana CL, Av. Pedro de Valdivia 1719"
"https://www.google.com/maps/place/Sazon+de+Mi+Mami/data=!4m7!3m6!1s0x9662c5004aa12eff:0xb4c174a4414db34b!8m2!3d-33.4468813!4d-70.6243311!16s%2Fg%2F11mdkg6k51!19sChIJ_y6hSgDFYpYRS7NNQaR0wbQ?authuser=0&hl=en&rclk=1","Sazon de Mi Mami","4.1","(117)","·","$10,000–15,000","Chilean","·","·","Open","· Closes 9:30 PM","https://lh3.googleusercontent.com/gps-cs-s/AHRPTWlrv6X0p-L0OK_3hElXZgNPohFV9wTiD3pbw1UaAWTJBecsPPpyR7U6Fa0P0h3Qh5b-TLIxfKfYw7hqDFNH_qzQSoO7Cmh3LbHzmS-zsuBjQavw2c34ThPeDn5wUfFNBrU2GqZwuAEtIz5R=w80-h106-k-no","Dine-in","https://www.google.com/searchviewer/42?cvd=CLw_EicKJeICIjIgEhkiF9LX29IPEQoNL2cvMTFtZGtnNms1MRgAOgMI8A0%3D&g2lbs=AEzIGDuXYp484tgYYR1xzQhGGGuP0Z4xrkzxLFk3dNf-vxLSROxsR9uEEG-YFpYOoaSn3M8225iX&hl=en-CL&gl=cl&fo_m=MfohQo559jFvMUOzJVpjPL1YMfZ3bInYwBDuMfaXTPp5KXh-&utm_source=tactile&gei=N7CAavrEJd7b5OUP95aQMQ&ei=N7CAavrEJd7b5OUP95aQMQ&fo_s=OA&opi=79508299&ebb=1&cs=0&foub=mcpp","Order online","","·","Drive-through","·","No-contact delivery","","Girardi 1365"
"https://www.google.com/maps/place/Donde+Landeo/data=!4m7!3m6!1s0x9662cf7ff0bc61b7:0xad7a21c779f64630!8m2!3d-33.4406738!4d-70.6208114!16s%2Fg%2F11c7wdrxgv!19sChIJt2G88H_PYpYRMEb2eccheq0?authuser=0&hl=en&rclk=1","Donde Landeo","4.6","(340)","·","$10,000–25,000","Restaurant","·","·","Open","· Closes 9:30 PM","https://lh3.googleusercontent.com/gps-cs-s/AHRPTWmLWhvEYjBIdZ-I5htxlv6ewdLrnmNjkTAc7iXDBkTKqTBDwciL8ltOQ0vqd3vVf0zLD7vwWJjSMXEmOitUPXzAqT4V2bzASsohGQ9GWhO5QZTrCHBjj42eqbsgn6VPeEhzMyoDNA=w102-h92-k-no","Dine-in","","","","·","Takeaway","","","","José Manuel Infante 1020"
"https://www.google.com/maps/place/Lomit%27s/data=!4m7!3m6!1s0x9662cf62be06a95f:0x5ed604430fc317cf!8m2!3d-33.423719!4d-70.6129198!16s%2Fg%2F11bbrlt3fg!19sChIJX6kGvmLPYpYRzxfDD0ME1l4?authuser=0&hl=en&rclk=1","Lomit's","4.4","(4,093)","·","$10,000–15,000","Restaurant","·","·","Open","· Closes 11:30 PM","https://lh3.googleusercontent.com/gps-cs-s/AHRPTWmVxHaCcz27ts24r1FYUSLwY666nOGNGFLrlTidlLXUo_YKXE9SiqcO-yyYGSnEpWH1ilisvtsJ9sW7dMcnOZwKZc7KHzzwe3yCkFvppqVGnp2azcIuj2qIhVAPGFIWUxNc2YFQfQ=w122-h92-k-no","Dine-in","","","","·","Takeaway","·","Delivery","","Av. Providencia 1980"
"https://www.google.com/maps/place/Maniero/data=!4m7!3m6!1s0x9662cf67c95e13d9:0x176247b5879d3569!8m2!3d-33.4203551!4d-70.6107953!16s%2Fg%2F11g8dl2z48!19sChIJ2RNeyWfPYpYRaTWdh7VHYhc?authuser=0&hl=en&rclk=1","Maniero","4.4","(859)","·","$15,000–35,000","Restaurant","·","·","Open","· Closes 12 AM","https://lh3.googleusercontent.com/gps-cs-s/AHRPTWkBCN9g9wHriekvtvolksNyxtXMYQ1j7ooe3iqJwP7NYDJFPri940b10_ASeoappBTDmc4H9Ql2Mnr7uHgwx7ABp3xjHu6XSeYS87eU6t_78uWQ_LU5AXbYDUauluD_AlP8WA3Vzg=w122-h92-k-no","Dine-in","https://www.google.com/searchviewer/42?cvd=CLw_EicKJeICIjIgEhkiF9LX29IPEQoNL2cvMTFnOGRsMno0OBgAOgMI8A0%3D&g2lbs=AEzIGDsoTiBdgLUt8KW-eEMF9bM_WloqfvAXr9T_ViMUV6onpPBcCpY-sAJy2sGfLGdAB-8hrhuH&hl=en-CL&gl=cl&fo_m=MfohQo559jFvMUOzJVpjPL1YMfZ3bInYwBDuMfaXTPp5KXh-&utm_source=tactile&gei=N7CAavrEJd7b5OUP95aQMQ&ei=N7CAavrEJd7b5OUP95aQMQ&fo_s=OA&opi=79508299&ebb=1&cs=0&foub=mcpp","Order online","","·","Kerbside pickup","·","No delivery","","Nueva de Lyon 155, Loc 101"
"https://www.google.com/maps/place/303!+La+Cocina/data=!4m7!3m6!1s0x9662cf7280e5a931:0x65d8c1448ed2ad4!8m2!3d-33.4424409!4d-70.5938247!16s%2Fg%2F11sbxkgyw3!19sChIJManlgHLPYpYR1CrtSBSMXQY?authuser=0&hl=en&rclk=1","303! La Cocina","4.9","(38)","·","$5,000–10,000","Takeout restaurant","·","Renato Zanelli 1319","Open","· Closes 5 PM","https://lh3.googleusercontent.com/gps-cs-s/AHRPTWm3R0kckZcTFc3crhYlWckY8tfz_BgUWukLEzeXsJ4jwQY19x8Ht6eFpHPoZaT_TGpJkdhLXhSkyAE4_Ky0KrmBfXiEJ_T8u6vVaF6ZQN0otj1aqOylu591XCRjsEe_K9WQads=w92-h92-k-no","Dine-in","","","","·","Takeaway","","","",""
"https://www.google.com/maps/place/Caos+dinning+and+coffee/data=!4m7!3m6!1s0x9662cfacd4970099:0xc777969bd4aacd1e!8m2!3d-33.4258135!4d-70.6189103!16s%2Fg%2F11w4p_8kff!19sChIJmQCX1KzPYpYRHs2q1JuWd8c?authuser=0&hl=en&rclk=1","Caos dinning and coffee","4.8","(143)","·","$10,000–25,000","Espresso bar","·","Sta. Beatriz 223","Open","· Closes 4 PM","https://lh3.googleusercontent.com/gps-cs-s/AHRPTWkWpXW5BYNwamvHXwrfUBgajDbHGRTBQ9ri7vGbFCUBbT4cTKHzPKJGIkr3PC-P5V3DrRVg4Tf8Harwix_P-u3IUbalYkUkv88QQP3zfa9kbe1NVZDMsOmgnRys8RTuLOXBlnPF=w122-h92-k-no","Dine-in","https://www.google.com/searchviewer/42?cvd=CLw_EicKJeICIjIgEhkiF9LX29IPEQoNL2cvMTF3NHBfOGtmZhgAOgMI8A0%3D&g2lbs=AEzIGDuy6nsuLssQRIecqil6hEgkiI1t9JW-gJmHKXrPoRmejyzknUYRySfgvexbPuMn_0RuJd5t&hl=en-CL&gl=cl&fo_m=MfohQo559jFvMUOzJVpjPL1YMfZ3bInYwBDuMfaXTPp5KXh-&utm_source=tactile&gei=N7CAavrEJd7b5OUP95aQMQ&ei=N7CAavrEJd7b5OUP95aQMQ&fo_s=OA&opi=79508299&ebb=1&cs=0&foub=mcpp","Order online","","·","Takeaway","·","No delivery","",""
"https://www.google.com/maps/place/Fork+Manuel+Montt/data=!4m7!3m6!1s0x9662cff9fef5dc55:0xb42dde46f6d140ae!8m2!3d-33.4287445!4d-70.6205185!16s%2Fg%2F11j0yv2lw2!19sChIJVdz1_vnPYpYRrkDR9kbeLbQ?authuser=0&hl=en&rclk=1","Fork Manuel Montt","4.0","(148)","","","Natural goods store","·","Av. Providencia 1272, Loc 7","Open","· Closes 9:50 PM","https://lh3.googleusercontent.com/gps-cs-s/AHRPTWkLOQYnUp53mngv9oCL6_hpGy_c7SSxWVyp4ZJ_EYX_BFdUWIRBx1z8pn0pDBMPsbRe9gjqCvx2cXXIBtaldbujnDyYupauXNMUXIZeysnDZJdKWceDKSiFAklg5vL2HqOIDrk=w163-h92-k-no","Delivery","","","","","","","","",""
"https://www.google.com/maps/place/Fuente+Alemana/data=!4m7!3m6!1s0x9662cf6754b4c2b9:0x97c093890ecf3520!8m2!3d-33.4253797!4d-70.6114439!16s%2Fg%2F1tfkb6ny!19sChIJucK0VGfPYpYRIDXPDomTwJc?authuser=0&hl=en&rclk=1","Fuente Alemana","4.5","(7,791)","·","$10,000–15,000","Sandwich","·","·","Open","· Closes 9:45 PM","https://lh3.googleusercontent.com/gps-cs-s/AHRPTWlv-EI-ZTxjV18dbECuKR63TmRDphLPmm4-EhFZ0lulmv4zFzin-AVY0wMwiwvo3fJfb7F5QUu-uYlm8TtzremAJkQ0E5tG_FdU8ziUnl1ZaC3CzORf3r8gDF4PWgdgEFK-P2Qggg=w122-h92-k-no","Dine-in","https://www.google.com/searchviewer/42?cvd=CLw_EiUKI-ICIDIeEhciFdLX29IPDwoLL2cvMXRma2I2bnkYADoDCPAN&g2lbs=AEzIGDv76Su8Q7fyiITyiimKASWyGZh2rz0BeeICUpO1tgO1-y51e8OpCLPVK6g2ARcXI69XG028&hl=en-CL&gl=cl&fo_m=MfohQo559jFvMUOzJVpjPL1YMfZ3bInYwBDuMfaXTPp5KXh-&utm_source=tactile&gei=N7CAavrEJd7b5OUP95aQMQ&ei=N7CAavrEJd7b5OUP95aQMQ&fo_s=OA&opi=79508299&ebb=1&cs=0&foub=mcpp","Order online","","·","Takeaway","·","No-contact delivery","","Av. Pedro de Valdivia 210"
"https://www.google.com/maps/place/Vapiano+pasta+y+pizza+Providencia/data=!4m7!3m6!1s0x9662cf65d51eed21:0x5df99e302d4aaaa0!8m2!3d-33.4235458!4d-70.6129226!16s%2Fg%2F11c6v_fmfj!19sChIJIe0e1WXPYpYRoKpKLTCe-V0?authuser=0&hl=en&rclk=1","Vapiano pasta y pizza Providencia","4.5","(10,312)","·","$10,000–20,000","Italian","·","·","Open","· Closes 10 PM","https://lh3.googleusercontent.com/gps-cs-s/AHRPTWlXno7hHLM8P_ONbKs8K28zvZ5WErUOMRPjuXc6xYMWOGFyf0kZkHByMctgqFN5rI3MzeUV3wR8SctPo5PooeTl7iVYzLSEtQi8kY-LZPuM0oNDwOJFdZV96mQlmQoNsY6mNEsD=w122-h92-k-no","Dine-in","https://www.google.com/searchviewer/42?cvd=CLw_EicKJeICIjIgEhkiF9LX29IPEQoNL2cvMTFjNnZfZm1mahgAOgMI8A0%3D&g2lbs=AEzIGDur8Ly6cZM3AyJsoQa-oK-WXs87CQXRuP3t4Twc3n6UEgnjd6YuUmuz01B6BYBf3kE6soaK&hl=en-CL&gl=cl&fo_m=MfohQo559jFvMUOzJVpjPL1YMfZ3bInYwBDuMfaXTPp5KXh-&utm_source=tactile&gei=N7CAavrEJd7b5OUP95aQMQ&ei=N7CAavrEJd7b5OUP95aQMQ&fo_s=OA&opi=79508299&ebb=1&cs=0&foub=mcpp","Order online","","·","Takeaway","·","No-contact delivery","","Av. Providencia 1984"
"https://www.google.com/maps/place/Chef+Metalero+Hell+Fire/data=!4m7!3m6!1s0x9662c56709bcd0b9:0x869a6d60f13a8457!8m2!3d-33.4398553!4d-70.6242991!16s%2Fg%2F11lt0fs85b!19sChIJudC8CWfFYpYRV4Q68WBtmoY?authuser=0&hl=en&rclk=1","Chef Metalero Hell Fire","4.4","(441)","·","$10,000–15,000","Hamburger","·","·","Open","· Closes 10 PM","https://lh3.googleusercontent.com/gps-cs-s/AHRPTWniiW1-eVT4WbDYnvzwd8VKIpJ1Ua9kJpfm4O1s2ziytATM4Sien80a1oyNTGBFYlGE-j6uqu0jnO1XaOCyRTFC4WsZIAAJAC98b3hjHCe_e26V-f74Xffb3g4SLTo5p7ljUjU=w80-h106-k-no","Dine-in","https://www.google.com/searchviewer/42?cvd=CLw_EicKJeICIjIgEhkiF9LX29IPEQoNL2cvMTFsdDBmczg1YhgAOgMI8A0%3D&g2lbs=AEzIGDueolp0rn1gwj_70ql6s5Db41CiJhp22UY4k4193ldTV-Zbj76Wxzc2I-D9P7nfMni6BVqh&hl=en-CL&gl=cl&fo_m=MfohQo559jFvMUOzJVpjPL1YMfZ3bInYwBDuMfaXTPp5KXh-&utm_source=tactile&gei=N7CAavrEJd7b5OUP95aQMQ&ei=N7CAavrEJd7b5OUP95aQMQ&fo_s=OA&opi=79508299&ebb=1&cs=0&foub=mcpp","Order online","","·","Drive-through","·","No-contact delivery","","Rancagua 621"
"https://www.google.com/maps/place/Maju+Per%C3%BA/data=!4m7!3m6!1s0x9662cf6d9ea3a2e1:0x25d64b9bf3ef3746!8m2!3d-33.4240329!4d-70.611576!16s%2Fg%2F11vqvs_wpr!19sChIJ4aKjnm3PYpYRRjfv85tL1iU?authuser=0&hl=en&rclk=1","Maju Perú","4.2","(145)","·","$10,000–30,000","Peruvian","·","Av. Nueva Providencia 2034","Open","· Closes 11 PM","https://lh3.googleusercontent.com/gps-cs-s/AHRPTWkEPlHEpjo6mf8uUsFM65Txw6VOnz-hw-8L052kn_6AoVKk6pxfcocOnt20-W4LZoyvbb3F07ziurXDTQ8bSywPttjglEPiBsGc44M1mf3jnOugO_iPSpfx4WtkiTbOd0tct7A=w138-h92-k-no","Dine-in","https://www.google.com/searchviewer/42?cvd=CLw_EicKJeICIjIgEhkiF9LX29IPEQoNL2cvMTF2cXZzX3dwchgAOgMI8A0%3D&g2lbs=AEzIGDsYdv4Ej6N5F2dyV1XSSK40V5RGeotgSmfQQP81FrWg0JAwbu-A9C_aMbpFAobbsZv5X0IB&hl=en-CL&gl=cl&fo_m=MfohQo559jFvMUOzJVpjPL1YMfZ3bInYwBDuMfaXTPp5KXh-&utm_source=tactile&gei=N7CAavrEJd7b5OUP95aQMQ&ei=N7CAavrEJd7b5OUP95aQMQ&fo_s=OA&opi=79508299&ebb=1&cs=0&foub=mcpp","Order online","","·","Takeaway","","","",""
"https://www.google.com/maps/place/Press+Start+Restobar+Providencia/data=!4m7!3m6!1s0x9662c5003bd8410f:0x357164be10278ad2!8m2!3d-33.4407244!4d-70.6224461!16s%2Fg%2F11yd1d1kk3!19sChIJD0HYOwDFYpYR0oonEL5kcTU?authuser=0&hl=en&rclk=1","Press Start Restobar Providencia","4.9","(274)","·","$10,000–15,000","Gastropub","·","Av. Francisco Bilbao 769","Open","· Closes 12 AM","https://lh3.googleusercontent.com/gps-cs-s/AHRPTWnBWAQCb_kzTpgDjUuTU1z9xCQD7j1TG8ntKSbA_lvdQbERrLJxo3obUSHqm-WBTuq0agtnbtJ-04UZmPqEuppCJAQXJnVD8mWPRSQ9S4jWCOIyzR-1MDe1a1ngw54NZiLWGm5VMjrz4vNn=w80-h106-k-no","Dine-in","https://www.google.com/searchviewer/42?cvd=CLw_EicKJeICIjIgEhkiF9LX29IPEQoNL2cvMTF5ZDFkMWtrMxgCOgMI8A0%3D&g2lbs=AEzIGDsSsmVbfRaOGcqULLuhhhYgiE48TD6Yuu5J1GtWmOMvAk_Re0XkEra__G62ltEDms8RGCTk&hl=en-CL&gl=cl&fo_m=MfohQo559jFvMUOzJVpjPL1YMfZ3bInYwBDuMfaXTPp5KXh-&utm_source=tactile&gei=N7CAavrEJd7b5OUP95aQMQ&ei=N7CAavrEJd7b5OUP95aQMQ&fo_s=OA&opi=79508299&orderType=2&ebb=1&cs=0&foub=mcpp","Order online","","","","","","",""
"https://www.google.com/maps/place/BAB+PROVIDENCIA/data=!4m7!3m6!1s0x9662cff46ef7096b:0x1ef27b98dc28ac17!8m2!3d-33.4201522!4d-70.6090206!16s%2Fg%2F11svzc3m0w!19sChIJawn3bvTPYpYRF6wo3Jh78h4?authuser=0&hl=en&rclk=1","BAB PROVIDENCIA","4.3","(275)","·","$10,000–15,000","Korean","·","·","Open","· Closes 10 PM","https://lh3.googleusercontent.com/gps-cs-s/AHRPTWlpsKfVag2f7VMjWH8kt5DEtOFIVw7awYwGC6bb-c25r1rji4oxc1DpXsQp0uw6KrFnnWiBOcMZ7l_FT-7AHMA9RB5zcC1nBZa3ogBYh_kL4HtsVgrHCpuK4zoeBAckX0XGYn8gXnwnbLXu=w80-h106-k-no","Dine-in","https://www.google.com/searchviewer/42?cvd=CLw_EicKJeICIjIgEhkiF9LX29IPEQoNL2cvMTFzdnpjM20wdxgAOgMI8A0%3D&g2lbs=AEzIGDulNEnD8YcwUMK-lmw0F9rKub9btERBKjskWMO48pNCZctlqkZXmaX138bRP9jTdwyX7CW0&hl=en-CL&gl=cl&fo_m=MfohQo559jFvMUOzJVpjPL1YMfZ3bInYwBDuMfaXTPp5KXh-&utm_source=tactile&gei=N7CAavrEJd7b5OUP95aQMQ&ei=N7CAavrEJd7b5OUP95aQMQ&fo_s=OA&opi=79508299&ebb=1&cs=0&foub=mcpp","Order online","","·","Drive-through","·","No-contact delivery","","Gral. Holley 103"
"https://www.google.com/maps/place/Piccolino+Providencia/data=!4m7!3m6!1s0x9662cfc81202b153:0xaf1ca688fdc0c6d1!8m2!3d-33.4239532!4d-70.6185022!16s%2Fg%2F11m9_lp6dk!19sChIJU7ECEsjPYpYR0cbA_YimHK8?authuser=0&hl=en&rclk=1","Piccolino Providencia","4.4","(74)","·","$10,000–15,000","Pizza","·","Padre Mariano 376","Open","· Closes 12 AM","https://lh3.googleusercontent.com/gps-cs-s/AHRPTWmmiJsdkjTF2IP74Oc2lg4gHBwYcB3kQ1kRaJ0wX41tSbYmeSUyJ4RLEqIPp92--rmAHt1QhYZv1CuO6g_O97d_lbg6zqS9r0FdWkN4JcZEWZWFx4WVDhCrC5ZSkERLrbdM-9UHiQ=w204-h92-k-no","Dine-in","https://www.google.com/searchviewer/42?cvd=CLw_EicKJeICIjIgEhkiF9LX29IPEQoNL2cvMTFtOV9scDZkaxgAOgMI8A0%3D&g2lbs=AEzIGDsYmd-WQwnCIMY7lUW5RuT0oL4L3iyL-mqO7IU4mcPEMmRtHOBAP6MhQ5c42CMR7uYWqbzM&hl=en-CL&gl=cl&fo_m=MfohQo559jFvMUOzJVpjPL1YMfZ3bInYwBDuMfaXTPp5KXh-&utm_source=tactile&gei=N7CAavrEJd7b5OUP95aQMQ&ei=N7CAavrEJd7b5OUP95aQMQ&fo_s=OA&opi=79508299&ebb=1&cs=0&foub=mcpp","Order online","","·","Takeaway","·","No-contact delivery","",""