"hfpxzc href","xxVWCe","MW4etd","UY7F9","W4Efsd","W4Efsd 2","W4Efsd 3","W4Efsd 4","W4Efsd 5","W4Efsd 6","UsdlK","FQ2IWe src","ah5Ghc","M4A5Cf","ah5Ghc 2","doJOZc"
"https://www.google.com/maps/place/Minimarket+Comercial+Ebenezer/data=!4m7!3m6!1s0x9662cfa61d12e8d1:0x9ff33d3f777717af!8m2!3d-33.4331393!4d-70.5839604!16s%2Fg%2F11z4q5jvlv!19sChIJ0egSHabPYpYRrxd3dz89858?authuser=0&hl=en&rclk=1","Minimarket Comercial Ebenezer","5.0","(7)","Store","·","Av. Tobalaba 4073","Open","· Closes 11 PM","·","9 5437 8156","https://lh3.googleusercontent.com/gps-cs-s/AHRPTWlp-Gqi_P36TzRa8WwkFzYTPMemoqUqTW1yzc4I88v4BE2WWFh_XpVkk3E5WhoXP2yDI_BLTAQVgZae7V75F6auOGvlp6_m69V_vrEehjTy28cL_LMG_X-cX40_pMybM-wz4OSTgmu9V5U=w163-h92-k-no","In-store shopping","·","In-store pick-up",""
"https://www.google.com/maps/place/minimarket+diaz+araya+ltda./data=!4m7!3m6!1s0x9662c5a6217d4545:0x7ce454ece0c0f027!8m2!3d-33.4384861!4d-70.6268761!16s%2Fg%2F11h_5nm647!19sChIJRUV9IabFYpYRJ_DA4OxU5Hw?authuser=0&hl=en&rclk=1","minimarket diaz araya ltda.","4.1","(9)","Convenience store","·","María Luisa Santander 460, Loc 101","Closed","· Opens 8 AM Mon","","","https://lh3.googleusercontent.com/gps-cs-s/AHRPTWmzHS-bi60WfnP7l79S7P1jvR8TJtFtY36d-6cGyQFhXEJcZPvHr3f-IJ5YArAqfbezpuslOIR0APlwgcLtu-Ajuc6LzPZ9ezbE8n6K303aOTbOPkj1VDtavpTBapdwcZKUJoUQCQ=w122-h92-k-no","","","",""
"https://www.google.com/maps/place/Mi+Market+Eliodoro+Ya%C3%B1ez/data=!4m7!3m6!1s0x9662cf708196bf87:0x1faf337b67a58b1b!8m2!3d-33.4313778!4d-70.60971!16s%2Fg%2F11h4623x0b!19sChIJh7-WgXDPYpYRG4ulZ3szrx8?authuser=0&hl=en&rclk=1","Mi Market Eliodoro Yañez","4.3","(329)","Supermarket","·","·","Open","· Closes 11:45 PM","Av. Pedro de Valdivia 887","(2) 3224 7421","https://lh3.googleusercontent.com/gps-cs-s/AHRPTWlqhCdY4Rx22KJgDEUAkoD92v__K3_bjMXdRcsCqD30-dbBcvjlnxZ-r6nhqo2Vs_q32ZAV9yMa6pS8h2GuoiyhiZOp50OoKpndUwAT2bAy0kT7eTd3PZtJY8Vl4hUuQh__XLf6=w80-h106-k-no","In-store shopping","·","In-store pick-up",""
"https://www.google.com/maps/place/Mi+Market+Hernando+de+Aguirre/data=!4m7!3m6!1s0x9662cf58fb02b9a1:0xaba633f277b2a3b4!8m2!3d-33.4194176!4d-70.6009295!16s%2Fg%2F11rvhpp2bv!19sChIJobkC-1jPYpYRtKOyd_Izpqs?authuser=0&hl=en&rclk=1","Mi Market Hernando de Aguirre","4.7","(176)","Supermarket","·","·","Open","· Closes 2 AM","Av. Hernando de Aguirre 136","(2) 2470 9891","https://lh3.googleusercontent.com/gps-cs-s/AHRPTWlnjOzPaYgg4jqyHEgUvpK6B1IR4uuIzSaG7nWqIlASMZ2RoM7rGD__Wo6ziroOjsWAWwfmDM4mRwLmUg9ixEbPD8CxjhjFjaUvQf_D-E6pFKEapI1zvpXbC1pvz-gQszk4-IY=w163-h92-k-no","In-store shopping","·","Delivery",""
"https://www.google.com/maps/place/Mi+Market+Pedro+de+Valdivia/data=!4m7!3m6!1s0x9662cf65d0715875:0x8be5863030e5ec8f!8m2!3d-33.424036!4d-70.6120498!16s%2Fg%2F11c6zzbzzt!19sChIJdVhx0GXPYpYRj-zlMDCG5Ys?authuser=0&hl=en&rclk=1","Mi Market Pedro de Valdivia","4.3","(228)","Supermarket","·","·","Open","· Closes 11:45 PM","Av. Pedro de Valdivia 70","(2) 3224 7422","https://lh3.googleusercontent.com/gps-cs-s/AHRPTWma0rsKXRBG7ZEYwEZ6cpOx_fNNmCK0nxTgSCmNB1K94CtOOHV8Fa5QTuNDjpDKOwPv2FX9zYGmjsOaRJ3yvMOFRcA2YwZtO8b4PQ14KzZQHZeRbecGNqSDBM7gzGULwE9lY8-9=w138-h92-k-no","In-store shopping","·","In-store pick-up",""
"https://www.google.com/maps/place/Minimarket+El+Parque/data=!4m7!3m6!1s0x9662c57bbf1ba715:0x4e2e13a77148913d!8m2!3d-33.4493261!4d-70.6293594!16s%2Fg%2F11gfnyj8x6!19sChIJFacbv3vFYpYRPZFIcacTLk4?authuser=0&hl=en&rclk=1","Minimarket El Parque","5.0","(5)","Grocery store","·","Malaquías Concha 0114","Open","· Closes 9 AM Sun","·","9 6796 4702","https://lh3.googleusercontent.com/gps-cs-s/AHRPTWn78Lx3tbcB99dEX1_AXEZVgWsW7B98yGNFDqK5k3dFG0WdE1jLi_9ncxBWVnrp1u34165kDmU1O6gjJA8InXfz8-z7LKxfpn9v3BNrVg9_n_yncNtC9h_Pv_9WG4jOMJIEfopQ=w163-h92-k-no","","","",""
"https://www.google.com/maps/place/Minimarket+Antonia/data=!4m7!3m6!1s0x9662c587fad610bf:0xeb9c37cfaedeef1e!8m2!3d-33.431041!4d-70.6223957!16s%2Fg%2F11fzwnfrhv!19sChIJvxDW-ofFYpYRHu_ers83nOs?authuser=0&hl=en&rclk=1","Minimarket Antonia","4.6","(24)","Grocery store","·","Román Díaz 55","Open","· Closes 9 PM","","","https://streetviewpixels-pa.googleapis.com/v1/thumbnail?panoid=s79SPUNbVFrAZOpZ7Op1Xg&cb_client=search.gws-prod.gps&w=80&h=92&yaw=192.76549&pitch=0&thumbfov=100","Delivery","","",""
"https://www.google.com/maps/place/Minimarket+Sol+Y+Pesos/data=!4m7!3m6!1s0x9662cf6466a8f19b:0x1f993c06b1382a93!8m2!3d-33.4262027!4d-70.6146015!16s%2Fg%2F11t_sfl0vb!19sChIJm_GoZmTPYpYRkyo4sQY8mR8?authuser=0&hl=en&rclk=1","Minimarket Sol Y Pesos","1.0","(2)","Carlos Antúnez 1819","","","","","","","https://streetviewpixels-pa.googleapis.com/v1/thumbnail?panoid=fPbEIRQ2CdCi-rM8vNueIA&cb_client=search.gws-prod.gps&w=80&h=92&yaw=254.89854&pitch=0&thumbfov=100","","","",""
"https://www.google.com/maps/place/Minimarket/data=!4m7!3m6!1s0x9662cf48d6bc0f7b:0x92044cd0a2a96cc8!8m2!3d-33.4295298!4d-70.6013404!16s%2Fg%2F11f7bwvl79!19sChIJew-81kjPYpYRyGypotBMBJI?authuser=0&hl=en&rclk=1","Minimarket","3.1","(12)","Grocery store","·","Eliodoro Yáñez 2474","Open","· Closes 11 PM","","","https://lh3.googleusercontent.com/gps-cs-s/AHRPTWlq-LEjXrTJkcle-b5qM6SqdX2WExybFO6ykqWupwOEqi-gKMohP9IhqIYRClz3RSTfBcxuesFHYFKghSETDA9wBr5S9bn2MCx4vFCwhpMmZaUyFjR2j_F-TzF6TuieZ56BbyD1=w163-h92-k-no","Delivery","","",""
"https://www.google.com/maps/place/MINIMARKET/data=!4m7!3m6!1s0x9662cf3298fd7011:0x4ef2f212afb1e030!8m2!3d-33.4400518!4d-70.6131768!16s%2Fg%2F11h_dgbrj2!19sChIJEXD9mDLPYpYRMOCxrxLy8k4?authuser=0&hl=en&rclk=1","MINIMARKET","3.0","(2)","Grocery store","·","Antonio Varas 1440, Loc 6","Open","· Closes 8 PM","","","https://streetviewpixels-pa.googleapis.com/v1/thumbnail?panoid=8YehI9hpaxXLRIBx2TKpeQ&cb_client=search.gws-prod.gps&w=80&h=92&yaw=73.67468&pitch=0&thumbfov=100","","","",""
"https://www.google.com/maps/place/Minimarket+Ocaranza/data=!4m7!3m6!1s0x9662c5e5395aae51:0xcdc5e0e1c13e108f!8m2!3d-33.4331614!4d-70.6308703!16s%2Fg%2F11k4zrhrbs!19sChIJUa5aOeXFYpYRjxA-weHgxc0?authuser=0&hl=en&rclk=1","Minimarket Ocaranza","4.6","(25)","Supermarket","·","Bellavista 0306","Open","· Closes 8 PM","·","9 8831 8402","https://lh3.googleusercontent.com/gps-cs-s/AHRPTWk5258rUlen792BkvgRxfNWEwOQ9YRb21aJPFjKi0d1i-kXtHcaksG-fyqneIOdpTlbWcPsv7hDe-d9xZz_maYeklGgpOmVtijdhAEREXLjG_Rff5SapyHlWWWo5dzaEgYl8ZLy=w122-h92-k-no","Delivery","","",""
"https://www.google.com/maps/place/MINIMARKET+DONDE+NIEVES/data=!4m7!3m6!1s0x9662cf7c69af3c3d:0x573f234347d1b2b5!8m2!3d-33.4332441!4d-70.6170601!16s%2Fg%2F11zg9p6qt0!19sChIJPTyvaXzPYpYRtbLRR0MjP1c?authuser=0&hl=en&rclk=1","MINIMARKET DONDE NIEVES","","","Eliodoro Yáñez 1329","","","","","","","https://streetviewpixels-pa.googleapis.com/v1/thumbnail?panoid=MOSlOiPuKqcC2F7bJBa24Q&cb_client=search.gws-prod.gps&w=80&h=92&yaw=140.75462&pitch=0&thumbfov=100","","","",""
"https://www.google.com/maps/place/MINIMARKET+LA+CASA+ROJA/data=!4m7!3m6!1s0x9662cf9969e0c241:0xd6bc4bc54eb2a8f3!8m2!3d-33.4449048!4d-70.6028033!16s%2Fg%2F11z9bv9ny2!19sChIJQcLgaZnPYpYR86iyTsVLvNY?authuser=0&hl=en&rclk=1","MINIMARKET LA CASA ROJA","","","Dr. Pedro Lautaro Ferrer 2750","","","","","","","https://streetviewpixels-pa.googleapis.com/v1/thumbnail?panoid=Gtc_YO-FexPnNIhBmP8ivg&cb_client=search.gws-prod.gps&w=80&h=92&yaw=334.7038&pitch=0&thumbfov=100","","","",""
"https://www.google.com/maps/place/Express+de+Lider+Santa+Isabel/data=!4m7!3m6!1s0x9662c5775a84c90b:0xba95693ec21af2fe!8m2!3d-33.4467564!4d-70.6293403!16s%2Fg%2F11crzyfqm2!19sChIJC8mEWnfFYpYR_vIawj5plbo?authuser=0&hl=en&rclk=1","Express de Lider Santa Isabel","4.1","(4,327)","Supermarket","·","·","Open","· Closes 9:30 PM","Av. Sta. Isabel 168","600 400 9000","https://lh3.googleusercontent.com/gps-cs-s/AHRPTWlaxSYWGgR-8e3jpR9fC4nQoaUuPYFd7IpHqb9e8ez9PsSU6_xc--fZsAfYMu8ddQM7BwEwr0H8_FO8qleprq1TSfWDhL-2iZpoG60pzQ8b1funumNP-ExA5w3huRq5W32Ai-od=w163-h92-k-no","In-store shopping","·","Kerbside pickup",""
"https://www.google.com/maps/place/By+market+Drugstore/data=!4m7!3m6!1s0x9662cf66405e725f:0x9f0957841a8d50a0!8m2!3d-33.4223542!4d-70.6107557!16s%2Fg%2F11d_tdkjz9!19sChIJX3JeQGbPYpYRoFCNGoRXCZ8?authuser=0&hl=en&rclk=1","By market Drugstore","4.7","(69)","Market","·","·","Open","· Closes 5:30 PM","Andrés de Fuenzalida 16, 144","","https://lh3.googleusercontent.com/gps-cs-s/AHRPTWluPJxC2S4l_SH5vFA9jYuwCjVrP-fr4cWDI53vFLHT1OrgMAXpcO4Q3Vg42ijexMUJ2Fq1W9SaQZvkCDVttY8mneDlcqvhgrxdulqF8-TW00pYdaWvQ7kwvDlfeDuggv7eTwgjWQ=w163-h92-k-no","","","",""
"https://www.google.com/maps/place/El+Oasis/data=!4m7!3m6!1s0x9662cfa95ab9c61f:0xdb15762b7d5a85d!8m2!3d-33.4392685!4d-70.5807692!16s%2Fg%2F1tfq00s0!19sChIJH8a5WqnPYpYRXajVt2JXsQ0?authuser=0&hl=en&rclk=1","El Oasis","4.6","(230)","Supermarket","·","Coventry 1611, 1613","Open","· Closes 1 AM","·","(2) 2226 2984","https://lh3.googleusercontent.com/gps-cs-s/AHRPTWkT4tb1eAPadLksli4pm7h_jChrCYc3E5z_lPv99vkozNsto-dcIr6LJsczOP2HN0z6OL4WfP5m-FqvH5IvQN55L2RtiuvAoDz6hkjMePaWowWU2FcCD8M8j3kV0CEB0ilraVaA=w164-h92-k-no","In-store shopping","","",""
"https://www.google.com/maps/place/Minimarket+%26+Emporio+Lyon/data=!4m7!3m6!1s0x9662cf6f52f28dd5:0x5d506021b6f79986!8m2!3d-33.4231253!4d-70.6091409!16s%2Fg%2F11k3wmqp6c!19sChIJ1Y3yUm_PYpYRhpn3tiFgUF0?authuser=0&hl=en&rclk=1","Minimarket & Emporio Lyon","5.0","(2)","Av. Ricardo Lyon 144","","","","","","","https://streetviewpixels-pa.googleapis.com/v1/thumbnail?panoid=JT2SvhhTsuReu_RLk-P0Og&cb_client=search.gws-prod.gps&w=80&h=92&yaw=49.905865&pitch=0&thumbfov=100","","","",""
"https://www.google.com/maps/place/Nuevo+Bazar+4+Ideas/data=!4m7!3m6!1s0x9662c5aabbde00e1:0x1847fa784eb024d9!8m2!3d-33.4578574!4d-70.6400532!16s%2Fg%2F11gr7r7dhw!19sChIJ4QDeu6rFYpYR2SSwTnj6Rxg?authuser=0&hl=en&rclk=1","Nuevo Bazar 4 Ideas","5.0","(41)","Bazar","·","Av. Manuel Antonio Matta 536","Open","· Closes 9 PM","·","9 5847 6612","https://lh3.googleusercontent.com/gps-cs-s/AHRPTWkQiLTN_jH8Ni4ynPrOWSMsUKeoDDVb_7LbljZeSAFwDhFR-BMk_-Ib_W8ljjSbvSJeCUT4hNdzFjvlaxSGN0NTTMBC6fvCyPTT_hqEK9XdJe7TBteLqcnPPPi8b_j83gp0pnrw=w80-h106-k-no","In-store shopping","·","In-store pick-up",""
"https://www.google.com/maps/place/Mercadito+del+Barrio/data=!4m7!3m6!1s0x9662c583002a8393:0x35feb44847ea44ef!8m2!3d-33.444758!4d-70.630803!16s%2Fg%2F11ty2yf_t7!19sChIJk4MqAIPFYpYR70TqR0i0_jU?authuser=0&hl=en&rclk=1","Mercadito del Barrio","4.6","(35)","Shopping mall","·","·","Open","· Closes 8 PM","Av. Gral. Bustamante 280","9 9941 3902","https://lh3.googleusercontent.com/gps-cs-s/AHRPTWn7AVSzRPeMEc1SwGaMhbZwAA7Bj9dQhtNDVTXiDdWmUonEEix338pCJU34zqcjXTlGludYbdyqYmBRoQigNkiIo7lEAq72kKxojJM9e--COt7xi9VdtSGrAnr7tdXE5aGByK6b=w80-h106-k-no","","","",""
"https://www.google.com/maps/place/Market+ON/data=!4m7!3m6!1s0x9662c5006c72f295:0xb7f0af0ac1198964!8m2!3d-33.4554761!4d-70.6287871!16s%2Fg%2F11yzl2pjvl!19sChIJlfJybADFYpYRZIkZwQqv8Lc?authuser=0&hl=en&rclk=1","Market ON","4.5","(8)","Grocery store","·","Avenida Manuel Antonio Matta 067 Local 101 D Matta 067 Local 101 D Ñuñoa","Open","· Closes 10:30 PM","·","9 5259 3337","https://lh3.googleusercontent.com/gps-cs-s/AHRPTWmnFd3bAkPEF-GPY1lDmTB9sR9YDGkuqvlOMLp8zXVCWW4P9Ww1IGz_lNu9D7cmDupoo9djw3V8lbikMeMb5GmA442ihUtzpd9hCFXuBQlA9ViZNoYEYJT-s0LFpOGVio3wsyGoFVqStIo=w122-h92-k-no","","","",""
"https://www.google.com/maps/place/Minimarket+San+Sebasti%C3%A1n/data=!4m7!3m6!1s0x9662cf00294d0657:0xc80db70adb562b1c!8m2!3d-33.4505177!4d-70.6104918!16s%2Fg%2F11z8jxv8kq!19sChIJVwZNKQDPYpYRHCtW2wq3Dcg?authuser=0&hl=en&rclk=1","Minimarket San Sebastián","5.0","(3)","Grocery store","·","Carrera Pinto 2019","Open","· Closes 9 PM","·","9 9085 9024","https://lh3.googleusercontent.com/gps-cs-s/AHRPTWksIBJ9KZIzQa7DmSmUNky8u3iIVDmbYNbwO7vDCktNac5Ktb4NeBD8Mw7unK6tbdbogAPo1w3AyYT8nrbbkLNjqyPuUFg14FGdw10tcWvOaKn0H5PrR-Y32Ay1GnyoTEgxlLKb4YZ2Gig=w122-h92-k-no","","","",""
"https://www.google.com/maps/place/Minimarket+Don+Francis/data=!4m7!3m6!1s0x9662c50ab5faf2fd:0x8f12238fe12365ce!8m2!3d-33.4465143!4d-70.6457819!16s%2Fg%2F1tgpttx6!19sChIJ_fL6tQrFYpYRzmUj4Y8jEo8?authuser=0&hl=en&rclk=1","Minimarket Don Francis","4.4","(9)","Convenience store","·","Tarapacá 726","Open","· Closes 6 PM","·","9 9820 6258","https://lh3.googleusercontent.com/gps-cs-s/AHRPTWm7sdFVfbjt8az4UVv3bLbGbkHBoV7W_I2sVux33RXZkqiGH2kyaKze3VbM1o4O1DDDT45uGClAfI3y-qwpQvbWChpTPXKZaW2Qs2D0Pr3reK2z2ABkk__lAk8Rqv4cUvkOjLo03zYErDYy=w80-h106-k-no","","","",""
"https://www.google.com/maps/place/Almac%C3%A9n+bazar+Tonga-Tonga/data=!4m7!3m6!1s0x9662c44bec66e7e1:0xe43d469deca34a98!8m2!3d-33.4325718!4d-70.6739415!16s%2Fg%2F11s2m0jm2h!19sChIJ4edm7EvEYpYRmEqj7J1GPeQ?authuser=0&hl=en&rclk=1","Almacén bazar Tonga-Tonga","5.0","(9)","Greengrocer","·","Av. Mapocho 2688","Open","· Closes 8:30 PM","·","9 8163 3039","https://lh3.googleusercontent.com/gps-cs-s/AHRPTWkCwSBgZF7zBf4rrnnkAeBdv6UoqFVi8L-Gaghxa_YlVnTjugUkwcL8lgOCWXiH22w0DihmpxeNMyCrgruAXn2ajEH7rZkXdm1P6WxTX7ng_VLP4270JBYm5GjoLdn1vx9ukrf6c2SRWT6s=w122-h92-k-no","In-store shopping","·","In-store pick-up",""
"https://www.google.com/maps/place/Mi+Market+Los+Militares/data=!4m7!3m6!1s0x9662cf859758fcf7:0xb8f3344d74d93f84!8m2!3d-33.4013173!4d-70.5605665!16s%2Fg%2F11yqs3xm11!19sChIJ9_xYl4XPYpYRhD_ZdE0087g?authuser=0&hl=en&rclk=1","Mi Market Los Militares","4.3","(54)","Supermarket","·","·","Open","· Closes 2 AM","Los Militares 6898-B, Las Condes","","https://lh3.googleusercontent.com/gps-cs-s/AHRPTWkj7eF0QwXlJaXCbL64kUnbHXZp79aer-SA_b7u-ujmJzgKlJstAUovyQS7829G2u1rOww831EAtq8oBmY0_YBDK01_QrWbaF-5D9ch8sh5gLDi1aKX-h-q3j0NvWVIZu8Of4wBYtQWsa8=w163-h92-k-no","","","",""
"https://www.google.com/maps/place/MINIMARKET+Bazar/data=!4m7!3m6!1s0x9662c1bd7498a3df:0xb324a3ceb39d8dc7!8m2!3d-33.3957383!4d-70.7430156!16s%2Fg%2F11vw_h4byd!19sChIJ36OYdL3BYpYRx42ds86jJLM?authuser=0&hl=en&rclk=1","MINIMARKET Bazar","5.0","(2)","General store","·","Marta Colvin 7111","","","","9 5203 5520","https://lh3.googleusercontent.com/gps-cs-s/AHRPTWkmgYXvZrkkQpHMCvbpCf1ihDwcX0FDuAqomosxvCkopwTjx-zDHg1HVHWwbP4CN6FO3YfTOHYbygWpH84JaAVLOfKMa6NJK1yjjF4PBGSHi3nBLg_2fhRmFyTJCytI4dd0kBE=w80-h106-k-no","","","",""
"https://www.google.com/maps/place/minimarket%27s/data=!4m7!3m6!1s0x9662c5fde5384ebb:0x7def5680a4b9c6e2!8m2!3d-33.4520896!4d-70.6345149!16s%2Fg%2F11rjqh6ckx!19sChIJu0445f3FYpYR4sa5pIBW730?authuser=0&hl=en&rclk=1","minimarket's","","","Supermarket","·","8432 Santiago","","","·","9 2064 5625","https://streetviewpixels-pa.googleapis.com/v1/thumbnail?panoid=WVF1sk6z4LJkGGiR_0RpbQ&cb_client=search.gws-prod.gps&w=80&h=92&yaw=250.90839&pitch=0&thumbfov=100","","","",""
"https://www.google.com/maps/place/Minimarket+-+Almac%C3%A9n+-+Bazar+%22EL+PORVENIR%22/data=!4m7!3m6!1s0x9662d6453db45ec7:0xeb330dc49fe0e3c8!8m2!3d-33.6153687!4d-70.5602573!16s%2Fg%2F11cm051p2m!19sChIJx160PUXWYpYRyOPgn8QNM-s?authuser=0&hl=en&rclk=1","Minimarket - Almacén - Bazar ""EL PORVENIR""","4.7","(25)","Supermarket","·","Noruega 470","Open","· Closes 9:30 PM","","","https://lh3.googleusercontent.com/gps-cs-s/AHRPTWlXKB0-_NjhbW3_4URwQP2NIQRQlDfex4DrE2AvFPS5J5XQzuYlO3t-2UL3lYF3-js-wv9OgEZBLJpmd17LU1-XFHI5EbWTLFMh7Wv7PtlUlQ4V-hkoUz2lrbL1u2qpGOqJDOig=w163-h92-k-no","","","",""
"https://www.google.com/maps/place/Minimarket+y+bazar+%22LA+MOPA%22/data=!4m7!3m6!1s0x9662c7003b948211:0xd4b78687a6a96750!8m2!3d-33.35708!4d-70.6895399!16s%2Fg%2F11lmqf2kgm!19sChIJEYKUOwDHYpYRUGeppoeGt9Q?authuser=0&hl=en&rclk=1","Minimarket y bazar ""LA MOPA""","","","General store","·","Lluta 6794","Open","· Closes 11 PM","","","https://streetviewpixels-pa.googleapis.com/v1/thumbnail?panoid=dVW7FAinIeshRXL2wGhSAQ&cb_client=search.gws-prod.gps&w=80&h=92&yaw=272.4015&pitch=0&thumbfov=100","","","",""
"https://www.google.com/maps/place/Minimarket+Bazar+y+Comida+al+Paso+Seminario/data=!4m7!3m6!1s0x9662c564e6923063:0x3e197ff3e9757862!8m2!3d-33.4435609!4d-70.6295068!16s%2Fg%2F11gtbqyjhf!19sChIJYzCS5mTFYpYRYnh16fN_GT4?authuser=0&hl=en&rclk=1","Minimarket Bazar y Comida al Paso Seminario","5.0","(1)","Market","·","Seminario 189","","","·","9 6815 2958","https://lh3.googleusercontent.com/gps-cs-s/AHRPTWlkX-eccS9_ts_H3CR5PfwqN2NkeBzegmyIY8EIIJn9NRLpOBbSmrX48RogxOVhaKSRSgeTNemXWuH_FUn8b5nZPmnk_mRUnfETY0jcasdetCC77Hlg3WGRZ2J87rm5O3q_VcPnnw=w163-h92-k-no","In-store shopping","","",""
"","","","","","","","","","","","","","","",""