"qBF1Pd","MW4etd","UY7F9","W4Efsd","W4Efsd 2","W4Efsd 3","W4Efsd 4","W4Efsd 5","W4Efsd 6","FQ2IWe src","ah5Ghc","UsdlK","e4rVHe"
"","","","","","","","","","","","",""
"","","","","","","","","","","","",""
"Starbucks Coffee","4.2","(2,830)","Cafe","·","Av. Ricardo Lyon 172, Local 1","Iconic coffeehouse chain","Closed","· Opens 7:30 AM","https://lh3.googleusercontent.com/gps-cs-s/AHRPTWmyKatG2iW2FpYX8nFmxDEh_Z4eECUnnC5RYyH-6iXiy1KFtY0rBzcFQEJPr8M-X3k_pmvKCGuli6KwivJ8AufEDSextmngAJbgXb60uSg0ak3x4E9W83zPi6Q0b0xv15MCKurM=w163-h92-k-no","""One of my favourite Starbucks.""","",""
"Miniso","4.2","(258)","General store","·","entre calles Providencia y Nueva - Av. Ricardo Lyon 57","","Closed","· Opens 10 AM","https://lh3.googleusercontent.com/gps-cs-s/AHRPTWkoMfV7ZX75jAyNmmQB90PDHD5nRLjnwNPFFiAw_obAau0ktzrYKXnUKIcW8HFg0BY_ajnIruxSYiQ4vE0gFISf-fJRcORUqmtlb1vw_VNW54LZmb2jXp04DkxENHHJWZktrWqx0w=w80-h106-k-no","Delivery","",""
"Fumetas Store","5.0","(230)","Store","·","Av. Providencia 2198, Loc 6 (Piso-1","·","Closed","· Opens 11 AM","https://lh3.googleusercontent.com/gps-cs-s/AHRPTWmlV7UoF5XtbJrTHgWOph-ARhV6OWWEeaAiDXv6vHMT1r-qmVApddhGGafEe05901BVbyQRZ_uAwN39jOEAmV3AvjpgYprDxBJtjcnduAPKMsMHtrwZlMsExJOoIpn9JyvL-AnK_A=w80-h106-k-no","In-store shopping","9 3931 1563",""
"Aqua Piercing - Los Leones | Piercing - Tatuajes","4.9","(230)","Tattoo and piercing shop","·","Av. Providencia 2198, Loc 10","","Closed","· Opens 11:30 AM","https://lh3.googleusercontent.com/gps-cs-s/AHRPTWm_9OuXyttZcut1vOisZUgwJXJpmmscruveZpqlOpwWqPU9CcQn2V-EalSh_GJKg-RBtB33mOOqVBbjaFsHk7-yfI6y9i5bwwi6YrtqlrO2vP7-bgFxQ4qwILWa9BSNAfmlx_c=w80-h142-k-no","","",""
"Superhigh","4.9","(198)","Shopping mall","·","Av. Providencia 2198, Loc 73","·","Closed","· Opens 11 AM","https://lh3.googleusercontent.com/gps-cs-s/AHRPTWlZQaPe1MG5v5dKdP5TROyG3jJW5wSfytkaAGmTqmMTfHDFlmd-wTfkhAi1Zl0YgtW7Cd4h369Oxp-IVJzyXyi0teZCyACOfyf7G-9oEwrZ_PotrSVt4sCaCym4cjRoaY7EDERc=w80-h100-k-no","In-store shopping","9 5119 2521",""
"Bikeman","4.7","(155)","Bicycle store","·","Av. Providencia 2198, Loc 67","·","Closed","· Opens 11 AM","https://lh3.googleusercontent.com/gps-cs-s/AHRPTWmsLL_hZIryi34HugxVW9lBUxuP4Y4mDHOnv2AbiGLNU2ryV4GOpr9ncfePv66fMLHRfsBL9v0w5kb_Xlng-qjvG_5Wi3G_mIXFP3B0l69nQTvc4C2k_jVIQGV0FvmJSwpcAwaX8Q=w80-h142-k-no","Delivery","9 9352 8016",""
"House Tattoo Rock","4.8","(136)","Tattoo and piercing shop","·","Av. Providencia 2198","","Closed","· Opens 10:30 AM","https://lh3.googleusercontent.com/gps-cs-s/AHRPTWlazJuZTk9VteyPRJAd98WO5G_LmQWcQice1IQEsFUOgdA77w8IZ9NCZW6fNxjJpGFCHVhNyKTZYc9Z48YYTCjPrvNShACQcE42xfZxQwt8oD_GOwaFmICD5kPH2KiUM93UMf9B=w122-h92-k-no","","",""
"EVOLUTION TATTOO CHILE","5.0","(133)","Tattoo supply store","·","Dr. Luis Middleton 1642","·","Closed","· Opens 10 AM","https://lh3.googleusercontent.com/gps-cs-s/AHRPTWnlfueVywm2FPxjhyw8qa3AvYN-Q2OE3UJtuhvIge5gaR6xwb1Ku8xLPoGx2C91Jj3AzPxe9HTeWKECGkUBR4hBBPM9HKl2cD82PtyKubhseZTvMa_R4xjOKZaWSaJ-AUJr5jH_RHo-DI4=w134-h92-k-no","","9 8446 6050",""
"Gras","4.7","(121)","Cafeteria","·","Nueva de Lyon 12, Loc 25","","Closed","· Opens 7 AM","https://lh3.googleusercontent.com/gps-proxy/ALd4DhGnzXz8htUjLbtJtCMSWwFV1b1J0Jhvuws_x2S5f9y8KW5cHVDD9C4J7dJUwTA-_1w0CViOjj-n5g-QxzWEDbQKo4qJbWpozzhwUlDDFrIF3HEqiJYcbliFjZTYMfdfxaEHPA-znFB4EUftxoNlLMhGV5EUHNpu-KpjJTQmawnTHrUZj3wESkIC=w92-h92-k-no","""The food and service were both amazing!""","",""
"Shazam Comics","4.4","(108)","Comic book store","·","Av. Providencia 2198","·","Closed","· Opens 11 AM","https://lh3.googleusercontent.com/gps-cs-s/AHRPTWk_mc3K8cfzfdD0PYjeU7ortLP1Q5pKiFUb8MDXDC0M_gycd1eI2TteeiM-03upEgyrEXjNJ3bJajkdwzEJdZDE5f8aQTm9bsR2i-B1yd6RkqVRBeQw9rjd7poNjRMZhiN_m_h0Kw=w122-h92-k-no","Delivery","(2) 2946 0963",""
"Vaporizadores Chile","4.3","(108)","Store","·","Avenida Providencia 2198, local 66 Piso 3, Portal Lyon, Providencia","·","Closed","· Opens 11 AM","https://lh3.googleusercontent.com/gps-cs-s/AHRPTWk5KuWwdj7fvttIeWpc636NC-sJihn3eQ8Fottguk1eb8Gil_WL5QIHxDrQjoGp7bqNtfNTEc_wSTgkWvZ61Ap4dR3sIJhmAPEFS4lCGKCJ_RNWTXQRSSAi9_mGhdEEWKlROLAcHw=w80-h164-k-no","In-store pick-up","9 5793 2843",""
"Wallride Skateshop Portal Lyon","4.2","(106)","Skate shop","·","Av. Providencia 2198, Loc 55","·","Closed","· Opens 10:30 AM","https://lh3.googleusercontent.com/gps-cs-s/AHRPTWlogAs8iPc3uHiUqZsj_74aHPHKOlVi8cXwjZJHweBwWc-y-5QFnrsSLJ_gjZQUxnrpUMbL6WO6_11mIud9XLvymfThSA914YhK8umfhQ6m77bLNPNLG3ScHPaprujaQvr1eBjz=w80-h119-k-no","Delivery","9 3921 1230",""
"TIFOSSI FUTBOL","4.5","(105)","T-shirt store","·","Av. Providencia 2198, Loc 29","·","Closed","· Opens 11:30 AM","https://lh3.googleusercontent.com/gps-cs-s/AHRPTWmpZ-t_5jecKCJDBdnxhfOewYdGOHY7-D7Pdgekzy-YHIE2exCNOP-rKTrCRrI9hUgpgMDpzsinSsCX0gIyrVzxcG0Dfdh-v57ZOWphCtwuhirY-aTlAFvyYtf2Z8mOn5vmGEz5cWfVTlA=w122-h92-k-no","""Highly recommend!""","9 9198 8402",""
"Welkom coffee","4.8","(101)","Coffee shop","·","Nueva de Lyon 36","","Closed","· Opens 8 AM","https://lh3.googleusercontent.com/gps-cs-s/AHRPTWllmwN8FZS_VGTRHIzU-XuZrtagG3QQCZ43QT_3qa-6cCBBgTWXKre-kUFsf5o9GtygF-V4WQQ8GySWugO4yR2NQJNxPKo5h9d_kNLQuHkyodEbUgYIl_50_BNsTS28RaY8nWVYGqwc1M8B=w80-h106-k-no","""Delicious coffee, was given another for free after I spilled it""","",""
"Diamond Skate Shop","4.4","(100)","Skateboard shop","·","Av. Providencia 2198, Loc 12","·","","","https://lh3.googleusercontent.com/gps-cs-s/AHRPTWlALPIjPyR8bLYXx9709zQdXNjypTVTqWPc7izc3veIGo4GEAEMdGbtnJZ1JkP6zVJN5mL3BSzFELsOWAfYy1dXwlMXdz7YEEjQsh0sbfF8XdUtldoj6J8azGJr9rAwXlAJ0CZr=w96-h92-k-no","","(2) 2334 2338",""
"SUBCOMPLOT STREET CLOTHING","4.4","(93)","Clothing store","·","Av. Providencia 2198, Loc 74","·","","","https://lh3.googleusercontent.com/gps-cs-s/AHRPTWn_gVAtNbPPt1DteUy80bF_SxGaasth309u9MUmfYNsheGrz2QB65Ji8tTKCpZ56S37hoDuWuN38RuTEdvKXXU0vK2dh488PxayyftQWypEX97KbdSAvC1PcX2ZvsWsBFrQrPBmGg=w80-h106-k-no","","9 7708 7899",""
"Crazy All Comics, Providencia","4.4","(86)","Comic book store","·","Av. Providencia 2198, Loc 63","·","","","https://lh3.googleusercontent.com/gps-cs-s/AHRPTWlfLSkyW2Xntf1qC20gCVg-UJym7vkAuTT_NXyxxTNj62EYNX-5CY24K64m6xbloArRRAgeuSR2ep0SucSOXcKckxy1a1YjsTUHSdHQ-TYE_SL_T7OG9grt_MP4kof8LpjIsHOM0Q=w145-h92-k-no","","(2) 2784 2213",""
"piercing got the life","4.8","(74)","Body piercing shop","·","Av. Providencia 2198, Loc 47","·","Closed","· Opens 12 PM","https://lh3.googleusercontent.com/gps-cs-s/AHRPTWnr83avwAkno5KlDQOsoYO9aVa-GMixBoJjhg1PesaVARTETfCc1NdCQc3gPO_78SBMU_JFDNGV8hrVHKczwlcaT4-n796_C0WbopP7q-vGYkd_27av_i0ZIPMcu3F5-4vLdXc8=w87-h92-k-no","","9 9575 1222",""
"Life boardshop","4.6","(74)","Skateboard shop","·","Av. Providencia 2198, Loc 75","·","Closed","· Opens 11 AM","https://lh3.googleusercontent.com/gps-cs-s/AHRPTWlWrsYMvy6X359G3W2urtxvhsNZ85nszxoRByjO_C7zNlCQ2IjSeBWXgxgadw5RXp9QTaYjRU5bP-umOlHWp5VrcoAnrJS46Dj6qN0KzmHjFyqOzNhC8MHf1yTrtELIY7WiOHVAhkXKTR8=w80-h106-k-no","In-store shopping","9 8221 0761",""
"Fotos Juanito","3.2","(68)","Photography service","·","Av. Providencia 2198","","Closed","· Opens 10 AM","https://lh3.googleusercontent.com/gps-cs-s/AHRPTWnoHzbWLczkE6xxR0SdVuRDBwxbEjDjT5PJrviCpWkEOonXEbRb1s5IBLW5tGJSFLHl266y7CW5-EjpKnqVeYLhcLRbXNMRgYSMBX5UHOYCY2ltxRxBSSd00tADlsTXtJEzxx0o=w163-h92-k-no","","",""
"Zepellin","4.4","(52)","Restaurant","·","Nueva de Lyon 30, Loc 22","","Closed","· Opens 11:30 AM","https://lh3.googleusercontent.com/gps-cs-s/AHRPTWkrSiUGtpEzXbiTVhi7f9IdeCdYJ1Cqx70D2kOtEWRcGqn_iJL21t35mqcFUXTeeP2Ocn_NZYtXq5Aihkm7e5UEgZN780J6a8LyQU72wIdLJkGWZ7nAwqUzbzmvi7lDLBirJbg=w138-h92-k-no","Dine-in","",""
"Dunkelheit Accesorios","4.3","(48)","Jewelry store","·","Av. Providencia 2198, Loc 53","","Closed","· Opens 11 AM","https://lh3.googleusercontent.com/gps-cs-s/AHRPTWlnIut05WkoBQpRqSs1p20EDhD5GiQ5shNH8QCytnfVlg_4n6r7ITHoA2C_hzIbbwx_qzF4XEp6fe2q1G8_omp6vW2GbYxicgPAGpx2jTLJBTnrYl-NPETvm0BpOc3iGpFAFfQIsA=w122-h92-k-no","""I bought  beautiful jewelry from them...""","",""
"Tienda Contrabando","4.5","(44)","Clothing store","·","Av. Providencia 2198, Loc 74","·","Closed","· Opens 11:30 AM","https://lh3.googleusercontent.com/gps-cs-s/AHRPTWk6jZz6GXDzkYYr2oOST5U-UL1LLwP4RvSlrW2S5V19Q9NIgGlBYJp6Z08Mmawwe1WCSPpg4Afw1A8zGteJRvx0OqNqdPOMNQrr4Y-Ad9Fg28XXuZakyrWIF_H0nhAJOxezAn-D=w80-h106-k-no","Delivery","9 5703 8507",""
"Nosferatu","4.1","(42)","Tattoo shop","·","Av. Providencia 2198","","","","https://streetviewpixels-pa.googleapis.com/v1/thumbnail?panoid=6fIAiUZ009t_E3hs8NY77A&cb_client=search.gws-prod.gps&w=80&h=92&yaw=307.22266&pitch=0&thumbfov=100","Delivery","(2) 2335 3952",""
"Skate Division","4.9","(40)","Skateboard shop","·","Av. Providencia 2198, Loc 72","·","Closed","· Opens 11 AM","https://lh3.googleusercontent.com/gps-cs-s/AHRPTWmNZ6sbvUBNlJzBtkM-52HI1tRZt3Pl4UvzCtBzI4mh48j0X6xWdn9Go0weMcuWaxqSqUA3xgwf1Y_KeSyUMMLqLxco-qY9TdEIybBy71p5yQeFJvVQhP-5M2bmbjfsaO-bCAb64t0-8d7N=w80-h106-k-no","""Great service!""","9 8221 0761",""
"House Classic Barber","5.0","(40)","Barber shop","·","Av. Providencia 2198","","Closed","· Opens 11 AM","https://lh3.googleusercontent.com/gps-cs-s/AHRPTWlVQZrwOyWLPJ2UuW7x4wIZB0QzRFty9Lzd3TlcW2hvKtKyQxT0t93WAUq5f9X8A2XXBNosfZTD5fMB62yw4rktJ4D_sFFxV4dX4jef9ZMbvnfrz0MP0wjZdPS1bz-xxkGrukwkstQlQk4=w80-h106-k-no","On-site services","",""
"Photonew","4.2","(36)","Photo shop","·","Av. Providencia 2198, 33 B","·","Closed","· Opens 11 AM","https://lh3.googleusercontent.com/gps-cs-s/AHRPTWkc9_FUu4TLcq-w53qovV_w0jYAORRRxX9i1qKiXhzOGgvG2rYAU8B5UxOyHAgdFRe0nDCmmEq0IYg81QPKFhTMWRASFCuBfOHVtMp9uXDXGSip0Tnzzb8ByWJksUBnUqEJLySVnA=w92-h92-k-no","In-store shopping","9 7811 9679",""
"Pollini","3.2","(31)","Boot store","·","Av. Providencia 2194","·","","","https://lh3.googleusercontent.com/gps-cs-s/AHRPTWmKQMKAPopsQ3W61bMFDNCzMpHpc0Jxo3_a0lmfaHBcLWkYPi7xT8nVljC2cmonh5ZjmFoAQ-kRt7Dz7Jay5vqD8LWWkUYI3CAUaapAsTdTTMD7GU6b7aDK3PR32cAwOJorvIlV=w80-h142-k-no","","(2) 2924 8390",""
"GO 4 IT ANIME","4.3","(28)","Toy store","·","Av. Providencia #2198, Loc 65","","Closed","· Opens 11 AM","https://lh3.googleusercontent.com/gps-cs-s/AHRPTWkL3pL-E25cAiIcrrxDUPpW_XXfB6LZUnjqnrekd3kEPWX_gv29CBn6kvDELztqjbP0affm_5oNpm7uAisvmrZPzp43ykGOI4GxMRPQ2-J-7819tP4GBsS8jgmbpr_Hwyv7IJ94lw=w80-h106-k-no","Delivery","",""
"Aguante.cl","4.6","(27)","Clothing store","·","Nueva de Lyon 26","·","Closed","· Opens 11 AM","https://lh3.googleusercontent.com/gps-cs-s/AHRPTWkRQdXzkIFkqFCMYrF2WYX64ZyzF1fGKRlPpShOBcWWAbHmQ6p5lo8doaCKXjxZJViP2nZ1c37mW1U5IZs3Ay8A-I2ZOWv3j433OV71m6EqUhS7NKUDH3ll4axVWcHJYa8zMDP_u7TekGn1=w163-h92-k-no","Delivery","9 8275 2621",""
"Lovely Needles","4.9","(26)","Body piercing shop","·","Portal Lyon - Av. Providencia 2198, Loc 60","·","Closed","· Opens 11:30 AM","https://lh3.googleusercontent.com/gps-cs-s/AHRPTWkWcI8NX4BRIhI9c8VOAGpMbLLdBMO0b4ZHBLNyJIUpe1UbcVFLZ_5YQ8yzC1x570MO-PhKKXvMXd46S0p2eyR1SZVzY9ZDjF8Rlkf9g3PD47rr1Pw-QjgUB2MEj4Cmo-4sS6Kvzg=w163-h92-k-no","On-site services","9 8286 5907",""
"Imicar S A","4.2","(24)","Computer accessories store","·","Av. Ricardo Lyon","·","","","https://lh3.googleusercontent.com/gps-cs-s/AHRPTWm9fjnDcrvnjbm7GnMuOAENN6HE8fYE_LBcOyoV7J7CvYTLx70mM9P15avaF0Wk8tAO-O0ZTjQmcA7IzbYaIt1CvoqUZ8HBe-xFZqtxYtAKr7Rm7u3l6b_CNJsXm9o8bd3_IUOD=w125-h92-k-no","","9 5946 5269",""
"ByD Anime","5.0","(22)","Store","·","Portal Lyon - Av. Providencia 2198, Loc 65","·","Closed","· Opens 11 AM","https://streetviewpixels-pa.googleapis.com/v1/thumbnail?panoid=6fIAiUZ009t_E3hs8NY77A&cb_client=search.gws-prod.gps&w=80&h=92&yaw=308.48892&pitch=0&thumbfov=100","","9 5219 9351",""
"Castaño","3.4","(20)","Bakery","·","Nueva de Lyon 18","","Closed","· Opens 7 AM","https://lh3.googleusercontent.com/gps-cs-s/AHRPTWlEa7idmn42U0_kiCqX2f_ByR6pD9Pn2bFGEChCO6N4VOcgXs1VE36zXu7sldEfKzC8FmhCt7boTYVdp6tHCpJQihrIk5xZlSgnWGidaqNqCg90uvNceqfJXXJ1wM-wAFybUrnP=w122-h92-k-no","Dine-in","",""
"THE LAST OF GAMERS","4.9","(19)","Video game store","·","Av. Providencia 2198, Loc 68","·","Closed","· Opens 11 AM","https://lh3.googleusercontent.com/gps-cs-s/AHRPTWmRec4rps2xLtBaAZrpMZVunzZbVtzYz_2XoY_ciLCgMJdukf6bt0283i17f1laRelr_2E0gp9vIx6EvoptOHPg-skO0maskFgTF1_jkbI19Do8Vp01chpZH_yp36T6boI4GzeZ66ccQTv8=w80-h142-k-no","","9 6861 9012",""
"Piercing Only Hope tattoo","4.4","(17)","Tattoo and piercing shop","·","Av. Providencia 2198","","Closed","· Opens 12 PM","https://lh3.googleusercontent.com/gps-cs-s/AHRPTWmcqkqfElaIUDZvaVMCsSBHlJsIvRgAMoq8bmhXrTVgfo6R9jgtodnPbkK6VTfR8BlOwlBkv_6Ko5EBStSNzXY4o3ENITkf6bsg-gzlZhGz6UhPZwEr27q899MasxkmLZnYO9xR=w80-h182-k-no","","",""
"Tienda Respect","4.1","(16)","Record store","·","Av. Providencia 2198, Loc 46","·","","","https://lh3.googleusercontent.com/gps-cs-s/AHRPTWnEGhXgx1HfD8NgkE_uAM4XkPEYle-h0wOvbfcLxbk6n1FRZWpbIHSP74i1VrMJsn19WdPehxF-1wq2C_TzgH4V8KkT8xZZ3t3vIq3BO2YAk1xj-l89L8PolkTAUZ8hUp3zubGy=w138-h92-k-no","","(2) 2234 5828",""
"Almacén Animal","4.3","(15)","Pet supply store","·","Av. Providencia 2198","·","Closed","· Opens 11:30 AM","https://streetviewpixels-pa.googleapis.com/v1/thumbnail?panoid=6fIAiUZ009t_E3hs8NY77A&cb_client=search.gws-prod.gps&w=80&h=92&yaw=307.22266&pitch=0&thumbfov=100","Delivery","9 8743 6065",""
"PM Corporativos","3.0","(12)","Clothing store","·","Av. Providencia 2198, Loc 38 y 40","·","Closed","· Opens 11 AM","https://lh3.googleusercontent.com/gps-cs-s/AHRPTWkuqsg6S3MewMgjtzMdw4-xShpQ4AL9t5N1aAF9zILbFR67r1ClcO52jjzjqczW0DWomhyM_L3WiPYQ0Y1Wrqzbzzb6ucZVb9dzoOH1SenRe92gdnqFxY4rdZrwxQFG5nla4FkLHQ=w83-h92-k-no","In-store shopping","9 8935 1315",""
"Relojería Olea SPA","5.0","(11)","Watch store","·","Av. Providencia 2198, Loc 30","","Closed","· Opens 11 AM","https://lh3.googleusercontent.com/gps-cs-s/AHRPTWk1ARmCtSF2iB288ASvhvAOIa4mx9GfPJbhU20fONTbbs_pUcApqymEFbNtUmheGd-uJ1SfBhmMHj-agCkSq8fqx2MKh9An05Gmgn_FWiGxNHYQJAQu2PDQGM-F1VlAjVtzM9z9QKf2IlN9=w122-h92-k-no","On-site services","",""
"INKVASION ART COMPANY","2.8","(11)","Clothing store","·","Av. Providencia 2198, Loc 83","·","Closed","· Opens 11 AM","https://streetviewpixels-pa.googleapis.com/v1/thumbnail?panoid=6fIAiUZ009t_E3hs8NY77A&cb_client=search.gws-prod.gps&w=80&h=92&yaw=308.48892&pitch=0&thumbfov=100","","9 3655 0837",""
"All That Music Disquería","4.0","(11)","Record store","·","Avda Providencia 2198 Local 68 Portal Lyon info.allthatmusic@gmail.com @allthatmusic.disqueria Santiago","·","","","https://lh3.googleusercontent.com/gps-cs-s/AHRPTWkJPfDH0t0KfSRw0xdMcv1Ndbmeu5ZWXcq_0770OjljyBeN20mhLe0u_bMUo_npgnCVAfe9pc6w-T-lWdy3mZ2jHkLjXA4D0Z45vzhTRoUA14IvgdIfaKP-_ETU2f5vDTSmid4=w92-h92-k-no","","9 9297 3568",""
"Konakawaii","4.5","(11)","Health and beauty shop","·","Portal Lyon - Av. Providencia 2198, Loc 79","·","Closed","· Opens 11 AM","https://lh3.googleusercontent.com/gps-cs-s/AHRPTWm4VtY3SToMOhJsvHv74NIlTOM78BebG9g6fwYmcdEm8nUkrxPFK0_0fNaYVQbe8YoN5KGYb8bc6b3nxF-6fA5z8lRiqCQDaJN7FSY4ND9KBLvuWbUOpGcEhd2eRj8hTCyEN9ouBgRaitgW=w80-h106-k-no","In-store shopping","9 4222 6904",""
"Voz Propia","3.9","(10)","Record store","·","Av. Providencia 2198","·","Closed","· Opens 12 PM","https://lh3.googleusercontent.com/gps-cs-s/AHRPTWldF6fCfhzJG8p3vhW-nJH-G8m6yihdH5rTcnGSe9aRu99ZPqYi_73_qCNCT2R1lhC0QsoCRMaBA7Xio73RmSfCDoolre5b4L20W8z6D2MtGTpdjUbZVJbdDpWVXISpynWgdFn8=w122-h92-k-no","","9 9708 1998",""
"Krona Streetwear","5.0","(10)","Clothing store","·","Av. Providencia 2198, Loc 71 B","·","Closed","· Opens 2:30 PM","https://lh3.googleusercontent.com/gps-cs-s/AHRPTWnBXlolQQHxrV2LaWZkW35jNhiyuyConVnRevPOcUKz-6goOxotuREXcdKJEaPH7h4FiHVX2A2L_14YJ8t2IJtprSDYkHZxUCN9F3AQjdcozkwH5a6JadbGBaDYFDEj8x6zbLGJ=w92-h92-k-no","Delivery","9 9458 2695",""
"Hot Rod","2.5","(8)","Tattoo shop","·","Av. Providencia 2198","","","","https://lh3.googleusercontent.com/gps-cs-s/AHRPTWnoliVX_xCxiqQHeRisbrYl2w4rSWi6Bini3qi5ADHI9fwtdrl7fmR0Jx1tKI56ijHOZZqOUTeQWCft3bKvA9ZmAULzXPXi38X7csjdz1EYTOXS6r9S8iekA2eGFbQ_YV7HcNgb=w80-h177-k-no","","",""
"La Ratita","4.1","(7)","Clothing store","·","Av. Providencia 2198, Local 57","·","Closed","· Opens 11 AM","https://lh3.googleusercontent.com/gps-cs-s/AHRPTWn5d2RcNbTouvR5Gqxp9ft1URmHmjfiw6KtYNwt1Wp3KcSjmNJ9k870A9GEKvT59f2DUkLfOOLeLlrJvveSWFG3t4YVchk6_UHEhyxOOdiDDvtV0ecv_m17CkEF97f1rHgCeTHwwQ=w92-h92-k-no","In-store shopping","9 4580 9263",""
"Old Tree Jeans","5.0","(7)","Clothing store","·","Av. Providencia 2198","","","","https://lh3.googleusercontent.com/gps-cs-s/AHRPTWmwscA_N-cPID4IxLi6kjMvBBFgOvkGSNVdmljAS_ghyjbESrponXx81OuXXiqSBDTaps4Ghg1ZVYXWh6RpFBBwGUmQvnvtyuc9vjxfXDCQO2m2f1f-sxJ8H28qtNGF0Cj762nXAk_7Jyg3=w80-h100-k-no","","",""
"Bastard","5.0","(7)","Clothing store","·","Portal Lyon, Loc 74","·","Closed","· Opens 12 PM","https://lh3.googleusercontent.com/gps-cs-s/AHRPTWk8UQPTq9H09ajWEqIk6VZqDQefexIaFLxuAHXm6hM3WuA49joQ_UqXwQKnyQyzKLYKbovgkIjZDugn1z8Hwvhp3URM9OXp3ve8eSG4IbSl7XdjUpQYU9YooHSj6aVuDHcQl9IxSg=w92-h92-k-no","Kerbside pickup","9 4540 9698",""
"Antination","3.7","(6)","Skateboard shop","·","Av. Providencia 2198, Loc 84","·","","","https://lh3.googleusercontent.com/gps-cs-s/AHRPTWlC_RpAdaxppkIltTl2nezzWcV-zXUAEaMDNGFGtpdriemDshJA_wWwrvJEm0jF1Rs1mxJDpoMV3iKEeSR3o1x7E-3WUwQq94rCcfdnvqjYjJ5_8hGOIQ0UkoERfXfSR4t_HoJLMw=w138-h92-k-no","","9 7167 0862",""
"Youre welcome store","5.0","(5)","Clothing store","·","Av. Providencia 2198","","Closed","· Opens 11 AM","https://lh3.googleusercontent.com/gps-cs-s/AHRPTWkWv-0VsbmaUdzFjKAbiGaaRb7lXPW7l0uMD2BOWclu4R8Jo9Y5dtojVq1UZMgLVsjayT-Feqaj_W8-uHOv6XbJtszPX1Aym-OyK_RLDxjU8-qT0vo_tWtJ1cJmOWUkcdTdCwoQydMUaWFE=w80-h106-k-no","Delivery","",""
"Sinsenalatattoo","5.0","(5)","Tattoo and piercing shop","·","Av. Providencia 2198","","","","https://lh3.googleusercontent.com/gps-cs-s/AHRPTWl5-MRGSjv7oY0LQzrPVD8M9U7zCLUFGPIAg3b_okNt_6ztsex-54_63QL_L73mUCGpKAQnYONzuiTazxUiH74XWsfT-1BY-KWNV1-CTJv7kv9jPSBAZ9fasUZqK16eJotQPCHY7Q=w80-h95-k-no","","",""
"LA FÁBRICA DEL ROCK","2.6","(5)","Custom t-shirt store","·","Av. Providencia 2198, Loc 83","·","Closed","· Opens 11 AM","https://lh3.googleusercontent.com/gps-cs-s/AHRPTWmm1GHfVKS-xAwEYRB8waNJ9DYn7JmF01SSMkcAelLNx7DTggsN6tXqZ5yyoA7vxfPfJgVrXi6nlBIwwuhauul4pjhUV_FQTuqvPI5NCAnpbDEE8Dx6154XP6oO2OkRlWbrICpc=w80-h106-k-no","","9 3655 0837",""
"Actitud OG Store","5.0","(5)","Clothing store","·","Av. Providencia 2198","","Closed","· Opens 1 PM","https://lh3.googleusercontent.com/gps-cs-s/AHRPTWmOcskqS1YKUTApBdeZI7i4j2DOMvrGPMwTA7Bpom-koPkkXuXm-gAMFmJwKlde0f0LFuKDbqNkcL-93zii9TYpb8GScgd9WoOKMRLs5EUE5qH_ZKXKBWZ082ZRliP6qSCqQZmtZA=w82-h92-k-no","In-store shopping","",""
"Blackbook tattoo portal lyon loc 82","5.0","(5)","Tattoo shop","·","Av. Providencia 2198","·","Closed","· Opens 11 AM","https://lh3.googleusercontent.com/gps-cs-s/AHRPTWnYFBYyXPTDiVglpN1WfKVvYFF4Ppd_NCoOp15IEiGVGSK8bHs8_VRDOfLYZJFXuT8HW0rERhXwfirzzVik9R_aOo8n1usRM1wBXmKTyh90y-jG_g9AyotimIUHuiASgQBM9vw=w122-h92-k-no","","(2) 2333 1426",""
"1414 Tattoo Industry","4.0","(4)","Tattoo and piercing shop","·","Av. Providencia 2198, Loc 54 A","","","","https://streetviewpixels-pa.googleapis.com/v1/thumbnail?panoid=hKM6DOtrt4-5idIdpwqVkA&cb_client=search.gws-prod.gps&w=80&h=92&yaw=246.40001&pitch=0&thumbfov=100","","",""
"skateshok.cl","3.7","(3)","Skate shop","·","Av. Providencia 2198, Loc 76","·","Closed","· Opens 11 AM","https://lh3.googleusercontent.com/gps-cs-s/AHRPTWltUHrRe4jATfnDwWvrVr4kXdQK3Wkf2BRSg-xylMc-DKypqpH5mr0pH7pYA6a4nKUZZUMf14IjUQZBJ4UBfnHphlvZ0uK4Ftk6jOgVZ5DFHiYoVYegymTFkBkg5LepYogkkw3J0zbvMiTK=w137-h92-k-no","","9 9841 4037",""
"Kala Beauty Studio","5.0","(3)","Beauty salon","·","Galería Portal Lyon - Av. Providencia 2198, Loc 81","","Closed","· Opens 11 AM","https://lh3.googleusercontent.com/gps-cs-s/AHRPTWmzlHNcRE7RxKAx6bzKn7E-ZZJxbAkPsB93wC3eNqml72ZfRXFduTaKe6uxR65Pn_4HG7GYcm38pgVrdvK4L_WDHebOR0FrysVmAUsY_fsFMqpRPLftkLiEyYBUGhv0eg7q71sjug=w80-h106-k-no","","",""
"Camarin Studio","3.7","(3)","Beauty salon","·","Av. Providencia 2198, Loc 81","·","Closed","· Opens 11 AM","https://streetviewpixels-pa.googleapis.com/v1/thumbnail?panoid=6fIAiUZ009t_E3hs8NY77A&cb_client=search.gws-prod.gps&w=80&h=92&yaw=308.48892&pitch=0&thumbfov=100","","9 4200 5158",""
"El Camisetero","3.0","(2)","Sports memorabilia store","·","Portal Lyon - Av. Providencia 2198, Local 43","","","","https://lh3.googleusercontent.com/gps-cs-s/AHRPTWnm8ubL1qN1muCYWajXSMeP3sqjfxr9i4hhdeSKedVv-cz80MgXbvt5HIjWDyrmm23uh6BQYR7fgSxORxcYoy7pVcBPiEdypoWjAoFF8bdACpQfY_HOA55leKUHC-glo6cPA65nEIfsiRid=w80-h106-k-no","","9 2031 5481",""
"247 STORE","5.0","(5)","Clothing store","·","Av. Providencia 2198, Loc 61","","Closed","· Opens 11 AM","https://lh3.googleusercontent.com/gps-cs-s/AHRPTWmOb-SzWD2mufm1dgqBfB_FyhUpL6OcSK_86fQI58kB5XloQ2njnP2z7hfL7RLfj__zo1EVfplyGvdeEPJeHlLBpicOecsoFM6b2gdvsglQr4vf7jtGbIsi3xlJ6KK9gonbJUfyOyG5k-_I=w80-h106-k-no","","",""
"Cafe Al Grano","4.0","(1)","Cafe","·","Av. Providencia 2198","","","","https://streetviewpixels-pa.googleapis.com/v1/thumbnail?panoid=6fIAiUZ009t_E3hs8NY77A&cb_client=search.gws-prod.gps&w=80&h=92&yaw=307.22266&pitch=0&thumbfov=100","","",""
"Melissa","5.0","(1)","Boot store","·","Av. Providencia 2198","·","","","https://lh3.googleusercontent.com/gps-cs-s/AHRPTWln3hyE4kKCw6BJnZwmil7NjxefthcRi5f9lLUMIsOrXHSQHrIHijJrpXo2BwgXphsRSQn4cNJBVe0oW29fXfgChpLEd6tNSUkxrX4veiGeoCqQjh5sMV30herPRR07T2LZiLb_3A=w122-h92-k-no","","(2) 3207 9934",""
"REVOLUTION CHILE","5.0","(1)","Digital printer","·","Av. Providencia 2198, Loc 54-A","","Closed","· Opens 11 AM","https://streetviewpixels-pa.googleapis.com/v1/thumbnail?panoid=6fIAiUZ009t_E3hs8NY77A&cb_client=search.gws-prod.gps&w=80&h=92&yaw=308.48892&pitch=0&thumbfov=100","On-site services","",""
"Skull Of Rock","5.0","(1)","Clothing store","·","Av. Providencia 2198, Loc 40","·","Closed","· Opens 11 AM","https://lh3.googleusercontent.com/gps-cs-s/AHRPTWn-v7BQQxt9aKbT_ENJYy-qefD4yleHN-jVMZlCXJhMjutWD7tzRt-EEYrD22uCzmJ0eB-g9tocJlOc2N4jupQAT-tVVM62UXfKPh4ox8gboHlBi3q7lrzkkhjIXsuPSjf_wP_W3Jm4IznY=w80-h106-k-no","","9 6492 8059",""
"Valdes Santibanez Mario Francisco","","","Av. Providencia 2198","","","","","","https://streetviewpixels-pa.googleapis.com/v1/thumbnail?panoid=6fIAiUZ009t_E3hs8NY77A&cb_client=search.gws-prod.gps&w=80&h=92&yaw=307.22266&pitch=0&thumbfov=100","","","No reviews"
"Mera Pina David Orlando","","","Av. Providencia 2198","","","","","","https://streetviewpixels-pa.googleapis.com/v1/thumbnail?panoid=6fIAiUZ009t_E3hs8NY77A&cb_client=search.gws-prod.gps&w=80&h=92&yaw=307.22266&pitch=0&thumbfov=100","","","No reviews"
"Nothing Store","","","Skate shop","·","B, 7510080, Av. Providencia 2198 local 54","·","","","https://lh3.googleusercontent.com/gps-cs-s/AHRPTWnWOfmGw0HBNzbDu47Fm8rj265zx6cEVPV__XUWl3n-wgjbhVJOcGEiUDc9kucFlq4oasK-PoxnLEcxr7ZBmFe1fJniHMjj_ZQSj5DkoIT10QWpktJfhWFP2XVrev3-8wubQQZR=w92-h92-k-no","","9 6584 3078","No reviews"
"Palma Inostroza Valentina","","","Av. Providencia 2198","","","","","","https://streetviewpixels-pa.googleapis.com/v1/thumbnail?panoid=6fIAiUZ009t_E3hs8NY77A&cb_client=search.gws-prod.gps&w=80&h=92&yaw=307.22266&pitch=0&thumbfov=100","","","No reviews"
"Rosa Belina Velastin Cortes","","","Av. Providencia 2198","","","","","","https://streetviewpixels-pa.googleapis.com/v1/thumbnail?panoid=6fIAiUZ009t_E3hs8NY77A&cb_client=search.gws-prod.gps&w=80&h=92&yaw=307.22266&pitch=0&thumbfov=100","","","No reviews"
"Catoni Maggio Angelo","","","Av. Providencia 2198","","","","","","https://streetviewpixels-pa.googleapis.com/v1/thumbnail?panoid=6fIAiUZ009t_E3hs8NY77A&cb_client=search.gws-prod.gps&w=80&h=92&yaw=307.22266&pitch=0&thumbfov=100","","","No reviews"
"California Tattoo","","","Tattoo and piercing shop","·","Av. Providencia 2198, Loc 55","·","Closed","· Opens 11 AM","https://streetviewpixels-pa.googleapis.com/v1/thumbnail?panoid=6fIAiUZ009t_E3hs8NY77A&cb_client=search.gws-prod.gps&w=80&h=92&yaw=318.99344&pitch=0&thumbfov=100","","9 8857 4253","No reviews"
"Top Garden","","","Av. Providencia 2198","","","","","","https://streetviewpixels-pa.googleapis.com/v1/thumbnail?panoid=6fIAiUZ009t_E3hs8NY77A&cb_client=search.gws-prod.gps&w=80&h=92&yaw=308.48892&pitch=0&thumbfov=100","","","No reviews"
"Cuevas Fernandez Marcelo H.","","","Av. Providencia 2198","","","","","","https://streetviewpixels-pa.googleapis.com/v1/thumbnail?panoid=6fIAiUZ009t_E3hs8NY77A&cb_client=search.gws-prod.gps&w=80&h=92&yaw=307.22266&pitch=0&thumbfov=100","","","No reviews"
"Lopez Lopez Ivan Mauricio","","","Av. Providencia 2198","","","","","","https://streetviewpixels-pa.googleapis.com/v1/thumbnail?panoid=6fIAiUZ009t_E3hs8NY77A&cb_client=search.gws-prod.gps&w=80&h=92&yaw=307.22266&pitch=0&thumbfov=100","","","No reviews"
"Manley Benavides Maria Sonia","","","Pharmacy","·","Av. Providencia 2198","","","","https://streetviewpixels-pa.googleapis.com/v1/thumbnail?panoid=6fIAiUZ009t_E3hs8NY77A&cb_client=search.gws-prod.gps&w=80&h=92&yaw=307.22266&pitch=0&thumbfov=100","Delivery","","No reviews"
"Tattoo Goo","","","Av. Providencia 2198","","","","","","https://streetviewpixels-pa.googleapis.com/v1/thumbnail?panoid=6fIAiUZ009t_E3hs8NY77A&cb_client=search.gws-prod.gps&w=80&h=92&yaw=308.48892&pitch=0&thumbfov=100","","","No reviews"
"Jj Musica","","","Av. Providencia 2198","","","","","","https://streetviewpixels-pa.googleapis.com/v1/thumbnail?panoid=6fIAiUZ009t_E3hs8NY77A&cb_client=search.gws-prod.gps&w=80&h=92&yaw=307.22266&pitch=0&thumbfov=100","","","No reviews"
"Comercializadora David Marambio Campos E.I.R.L.","","","Soccer store","·","Av. Providencia 2198, Loc 29","","Closed","· Opens 11:30 AM","https://streetviewpixels-pa.googleapis.com/v1/thumbnail?panoid=voNZBbKgE6qD1Pes2ectQg&cb_client=search.gws-prod.gps&w=80&h=92&yaw=262.13074&pitch=0&thumbfov=100","Delivery","","No reviews"
"Positive Mental Attitude Co.","","","Tattoo shop","·","Av. Providencia 2198, Loc 84","","Closed","· Opens 10 AM","https://lh3.googleusercontent.com/gps-cs-s/AHRPTWluM-xmdqW_pv_i7UNolSmhWAlJr-J18HpxHQYWBhxC6N9Ql31vKl-NvPHx2VD0yjroyMV_ZplyhxU4fyHZz6fN-929XqQR4MsHrCPtLuWCvUEsKTqTbzvUZ_TT_yRrJ3bWTero=w80-h140-k-no","","","No reviews"
"Santelices Acosta Ignacio Arturo","","","Av. Providencia 2198","","","","","","https://streetviewpixels-pa.googleapis.com/v1/thumbnail?panoid=6fIAiUZ009t_E3hs8NY77A&cb_client=search.gws-prod.gps&w=80&h=92&yaw=307.22266&pitch=0&thumbfov=100","","","No reviews"
"Tamayo Miranda Rodrigo Alexis","","","Av. Providencia 2198","","","","","","https://streetviewpixels-pa.googleapis.com/v1/thumbnail?panoid=6fIAiUZ009t_E3hs8NY77A&cb_client=search.gws-prod.gps&w=80&h=92&yaw=307.22266&pitch=0&thumbfov=100","","","No reviews"
"Moya Retamal Javier Ignacio","","","Av. Providencia 2198","","","","","","https://streetviewpixels-pa.googleapis.com/v1/thumbnail?panoid=6fIAiUZ009t_E3hs8NY77A&cb_client=search.gws-prod.gps&w=80&h=92&yaw=307.22266&pitch=0&thumbfov=100","","","No reviews"
"Little Cave Store","","","Novelty store","·","Av. Providencia 2198 Portal Lyon, Local 58 Providencia","·","Closed","· Opens 11:30 AM","https://lh3.googleusercontent.com/gps-cs-s/AHRPTWl6SLX_d4mjdsiv8khaVrKD1mamv9MrorBgf3BqfXr5-rrdnEFDUctsBKa1VgUyHr8CfdhcQ6rv4pMTo1GFVP4fQ-TeS9l8_b9XwFdWwEiIGM7VEtqOKLQ4JFElBFMeBt8BA6D6=w80-h142-k-no","Delivery","9 3192 3506","No reviews"
"Sierralta Reyes Eduardo Andres","","","Av. Providencia 2198","","","","","","https://streetviewpixels-pa.googleapis.com/v1/thumbnail?panoid=6fIAiUZ009t_E3hs8NY77A&cb_client=search.gws-prod.gps&w=80&h=92&yaw=307.22266&pitch=0&thumbfov=100","","","No reviews"
"Retamales Alumna Julio Cesar","","","Av. Providencia 2198","","","","","","https://streetviewpixels-pa.googleapis.com/v1/thumbnail?panoid=6fIAiUZ009t_E3hs8NY77A&cb_client=search.gws-prod.gps&w=80&h=92&yaw=307.22266&pitch=0&thumbfov=100","","","No reviews"
"X Play","","","Av. Providencia 2189","","","","","","https://streetviewpixels-pa.googleapis.com/v1/thumbnail?panoid=6fIAiUZ009t_E3hs8NY77A&cb_client=search.gws-prod.gps&w=80&h=92&yaw=307.22266&pitch=0&thumbfov=100","","","No reviews"
"Tribus Urbanas","","","Pharmacy","·","Av. Providencia 2198","","","","https://streetviewpixels-pa.googleapis.com/v1/thumbnail?panoid=6fIAiUZ009t_E3hs8NY77A&cb_client=search.gws-prod.gps&w=80&h=92&yaw=315.28754&pitch=0&thumbfov=100","","","No reviews"
"Alicia Gonzalez","","","Av. Providencia 2189","","","","","","https://streetviewpixels-pa.googleapis.com/v1/thumbnail?panoid=6fIAiUZ009t_E3hs8NY77A&cb_client=search.gws-prod.gps&w=80&h=92&yaw=307.22266&pitch=0&thumbfov=100","","","No reviews"
"Castro Reyes Manuel Francisco","","","Av. Providencia 2198","","","","","","https://streetviewpixels-pa.googleapis.com/v1/thumbnail?panoid=6fIAiUZ009t_E3hs8NY77A&cb_client=search.gws-prod.gps&w=80&h=92&yaw=307.22266&pitch=0&thumbfov=100","","","No reviews"
"Paz","","","Church","·","Av. Providencia 2189","","","","https://streetviewpixels-pa.googleapis.com/v1/thumbnail?panoid=6fIAiUZ009t_E3hs8NY77A&cb_client=search.gws-prod.gps&w=80&h=92&yaw=307.22266&pitch=0&thumbfov=100","","","No reviews"
"Lazsand","","","Jewelry store","","","","","","https://lh3.googleusercontent.com/gps-cs-s/AHRPTWmJV47hvdpz7p47WLPaR1O-W_W7RlA0Fq5Xa20llfH5s-18Cr1C-5ZGrNPlOIKR1LLEhAXCM9SXMcHpEE-1t8GLlzh-2Xc_5PhjT3LDX6g1EHPFsdi4Dlbe6pxCDbaocV4MUyuO=w80-h98-k-no","","9 7174 9541","No reviews"
"Tapia Cerda Patricio Fabian","","","Av. Providencia 2198","","","","","","https://streetviewpixels-pa.googleapis.com/v1/thumbnail?panoid=6fIAiUZ009t_E3hs8NY77A&cb_client=search.gws-prod.gps&w=80&h=92&yaw=307.22266&pitch=0&thumbfov=100","","","No reviews"
"Calderon Tello Haydee Ilca","","","Av. Providencia 2198","","","","","","https://streetviewpixels-pa.googleapis.com/v1/thumbnail?panoid=6fIAiUZ009t_E3hs8NY77A&cb_client=search.gws-prod.gps&w=80&h=92&yaw=307.22266&pitch=0&thumbfov=100","","","No reviews"
"Pamela","","","Av. Providencia 2189","","","","","","https://streetviewpixels-pa.googleapis.com/v1/thumbnail?panoid=6fIAiUZ009t_E3hs8NY77A&cb_client=search.gws-prod.gps&w=80&h=92&yaw=307.22266&pitch=0&thumbfov=100","","","No reviews"
"Lux Shop Tienda","","","Shopping mall","·","Av. Providencia 2198","·","Closed","· Opens 9 AM","https://streetviewpixels-pa.googleapis.com/v1/thumbnail?panoid=6fIAiUZ009t_E3hs8NY77A&cb_client=search.gws-prod.gps&w=80&h=92&yaw=308.48892&pitch=0&thumbfov=100","","9 7834 7097","No reviews"
"Rodriguez Berrios Luis Pablo","","","Av. Providencia 2198","","","","","","https://streetviewpixels-pa.googleapis.com/v1/thumbnail?panoid=6fIAiUZ009t_E3hs8NY77A&cb_client=search.gws-prod.gps&w=80&h=92&yaw=307.22266&pitch=0&thumbfov=100","","","No reviews"
"Hernandez Ferrada Daniel Alejandro","","","Av. Providencia 2198","","","","","","https://streetviewpixels-pa.googleapis.com/v1/thumbnail?panoid=6fIAiUZ009t_E3hs8NY77A&cb_client=search.gws-prod.gps&w=80&h=92&yaw=307.22266&pitch=0&thumbfov=100","","","No reviews"
"Vaporium","","","Tobacco shop","·","Av. Providencia 2198","","","","https://streetviewpixels-pa.googleapis.com/v1/thumbnail?panoid=6fIAiUZ009t_E3hs8NY77A&cb_client=search.gws-prod.gps&w=80&h=92&yaw=308.48892&pitch=0&thumbfov=100","","","No reviews"
"Valdenegro Moya Ramon Arturo","","","Av. Providencia 2198","","","","","","https://streetviewpixels-pa.googleapis.com/v1/thumbnail?panoid=6fIAiUZ009t_E3hs8NY77A&cb_client=search.gws-prod.gps&w=80&h=92&yaw=307.22266&pitch=0&thumbfov=100","","","No reviews"
"Domplin factory","","","Asian","·","Nueva de Lyon 12","","","","https://streetviewpixels-pa.googleapis.com/v1/thumbnail?panoid=ir8tm1ci2k3z6n63-OQ51A&cb_client=search.gws-prod.gps&w=80&h=92&yaw=270.70776&pitch=0&thumbfov=100","Dine-in","","No reviews"
"Collao Vildoso Rodrigo Enrique","","","Av. Providencia 2198","","","","","","https://streetviewpixels-pa.googleapis.com/v1/thumbnail?panoid=6fIAiUZ009t_E3hs8NY77A&cb_client=search.gws-prod.gps&w=80&h=92&yaw=307.22266&pitch=0&thumbfov=100","","","No reviews"
"Lepe Sereno Juan Alfredo","","","Av. Providencia 2198","","","","","","https://streetviewpixels-pa.googleapis.com/v1/thumbnail?panoid=6fIAiUZ009t_E3hs8NY77A&cb_client=search.gws-prod.gps&w=80&h=92&yaw=307.22266&pitch=0&thumbfov=100","","","No reviews"
"Munoz Aburto Roxana Mabel","","","Pharmacy","·","Av. Providencia 2198","","","","https://streetviewpixels-pa.googleapis.com/v1/thumbnail?panoid=6fIAiUZ009t_E3hs8NY77A&cb_client=search.gws-prod.gps&w=80&h=92&yaw=307.22266&pitch=0&thumbfov=100","Delivery","","No reviews"
"Symmes Samso Cristian Alejandro","","","Av. Providencia 2198","","","","","","https://streetviewpixels-pa.googleapis.com/v1/thumbnail?panoid=6fIAiUZ009t_E3hs8NY77A&cb_client=search.gws-prod.gps&w=80&h=92&yaw=307.22266&pitch=0&thumbfov=100","","","No reviews"